time,tavg,tmin,tmax,prcp,snow,wdir,wspd,wpgt,pres,tsun
2021-01-01,6.4,1.0,12.0,,,54.0,9.2,,1019.0,
2021-01-02,5.0,-1.3,12.4,0.0,,64.0,5.5,,1024.4,
2021-01-03,3.7,-1.2,10.0,0.0,,92.0,8.4,,1024.7,
2021-01-04,2.2,-4.7,10.0,0.0,,73.0,9.7,,1021.3,
2021-01-05,4.8,2.0,8.0,5.0,,85.0,13.8,,1018.2,
2021-01-06,2.7,0.0,5.0,0.0,,91.0,11.0,,1024.5,
2021-01-07,4.8,3.8,6.1,0.0,,92.0,14.8,,1022.3,
2021-01-08,7.2,3.2,16.0,0.0,,88.0,11.0,,1018.7,
2021-01-09,8.2,4.7,12.0,3.3,,81.0,11.4,,1017.5,
2021-01-10,9.4,6.2,13.0,2.4,,69.0,4.7,,1019.0,
2021-01-11,10.4,5.0,18.0,0.0,,166.0,7.7,,1019.3,
2021-01-12,12.9,7.0,19.0,0.0,,120.0,12.2,,1013.5,
2021-01-13,4.8,0.5,13.4,18.6,,346.0,8.0,,1005.2,
2021-01-14,1.3,-2.0,4.0,1.7,,283.0,11.1,,1006.3,
2021-01-15,-2.0,-7.0,0.1,4.9,,353.0,8.1,,1011.3,
2021-01-16,-4.0,-10.0,0.0,3.6,,77.0,10.5,,1009.2,
2021-01-17,-2.7,-6.0,-1.7,3.7,,277.0,19.9,,1007.4,
2021-01-18,-6.9,-13.0,-4.0,0.8,,295.0,8.0,,1017.3,
2021-01-19,-12.8,-18.0,-5.0,0.0,,353.0,1.1,,1022.8,
2021-01-20,-10.5,-16.0,-5.0,0.0,,29.0,4.2,,1027.8,
2021-01-21,-4.3,-8.0,0.0,0.0,,90.0,7.1,,1033.1,
2021-01-22,-1.3,-5.6,2.0,0.0,,86.0,12.3,,1030.1,
2021-01-23,1.5,-2.1,5.0,0.0,,81.0,15.2,,1024.0,
2021-01-24,4.6,0.8,11.0,0.0,,108.0,14.3,,1017.5,
2021-01-25,7.4,4.7,11.0,1.9,,138.0,13.3,,1013.2,
2021-01-26,9.4,5.0,13.0,0.0,,132.0,14.3,,1012.1,
2021-01-27,6.7,-1.0,10.0,11.0,,147.0,22.8,,1001.8,
2021-01-28,-1.5,-2.3,0.3,2.1,,282.0,9.5,,1009.1,
2021-01-29,-2.2,-7.0,2.0,0.0,,256.0,6.3,,1013.9,
2021-01-30,-0.5,-2.0,1.3,5.6,,78.0,15.4,,1007.1,
2021-01-31,3.4,-2.0,10.0,0.2,,56.0,9.3,,1012.1,
2021-02-01,7.3,3.0,15.1,0.0,,99.0,18.1,,1014.6,
2021-02-02,9.3,4.0,14.8,0.0,,104.0,10.8,,1017.0,
2021-02-03,7.5,0.0,15.0,0.0,,77.0,4.6,,1018.3,
2021-02-04,6.1,-2.0,16.0,0.0,,330.0,4.3,,1017.9,
2021-02-05,7.2,1.4,15.0,0.0,,277.0,5.5,,1021.0,
2021-02-06,5.2,-3.0,16.0,0.0,,37.0,3.0,,1019.7,
2021-02-07,6.6,-3.0,17.0,0.0,,64.0,4.1,,1018.2,
2021-02-08,10.2,5.5,19.0,0.1,,105.0,10.3,,1014.6,
2021-02-09,11.5,6.0,17.0,0.1,,237.0,12.9,,1015.1,
2021-02-10,8.4,4.0,14.0,0.2,,225.0,9.9,,1015.8,
2021-02-11,8.8,1.0,17.4,0.0,,133.0,11.7,,1014.1,
2021-02-12,4.0,-0.4,8.7,1.4,,284.0,13.8,,1015.7,
2021-02-13,0.7,-1.8,5.3,0.3,,349.0,4.8,,1024.6,
2021-02-14,1.2,-2.1,6.7,3.8,,33.0,10.9,,1018.8,
2021-02-15,-2.8,-4.9,-0.6,9.8,,332.0,14.0,,1020.0,
2021-02-16,-4.4,-6.1,-0.7,1.8,,352.0,13.3,,1019.1,
2021-02-17,-5.1,-8.2,-1.5,0.3,,325.0,12.9,,1020.6,
2021-02-18,-4.7,-11.9,0.1,0.8,,190.0,4.1,,1022.2,
2021-02-19,-1.0,-5.1,2.0,1.0,,309.0,9.7,,1027.0,
2021-02-20,-2.9,-7.8,2.2,0.0,,126.0,6.0,,1030.9,
2021-02-21,-0.9,-7.2,6.7,0.0,,102.0,9.9,,1031.6,
2021-02-22,-0.5,-10.0,9.0,0.0,,80.0,3.7,,1031.7,
2021-02-23,2.8,-7.0,14.0,0.0,,338.0,3.5,,1030.9,
2021-02-24,4.0,-4.2,12.0,0.0,,306.0,12.1,,1029.0,
2021-02-25,3.7,-4.0,11.0,0.0,,319.0,6.1,,1030.4,
2021-02-26,3.0,-6.0,14.0,0.0,,23.0,1.7,,1027.6,
2021-02-27,3.7,-6.0,15.0,0.0,,18.0,2.3,,1020.7,
2021-02-28,3.1,-1.0,6.0,0.0,,301.0,15.3,,1022.8,
2021-03-01,2.4,-3.0,8.0,0.0,,311.0,6.5,,1024.7,
2021-03-02,1.6,-0.2,4.0,1.7,,342.0,5.8,,1025.5,
2021-03-03,2.5,-2.7,10.0,0.0,,300.0,11.2,,1025.7,
2021-03-04,2.1,-7.0,12.0,0.0,,321.0,5.1,,1023.4,
2021-03-05,4.1,-8.0,17.0,0.0,,20.0,5.5,,1020.4,
2021-03-06,5.3,-1.0,12.0,0.9,,329.0,6.5,,1021.1,
2021-03-07,3.3,1.0,6.0,0.6,,283.0,13.4,,1021.3,
2021-03-08,2.3,-5.0,10.0,0.0,,305.0,5.4,,1017.0,
2021-03-09,3.5,-6.0,12.0,0.0,,24.0,3.2,,1017.6,
2021-03-10,4.5,-3.0,12.0,0.5,,84.0,9.6,,1013.9,
2021-03-11,3.1,0.0,5.4,5.9,,302.0,12.0,,1009.4,
2021-03-12,1.7,-2.0,7.0,0.6,,283.0,9.1,,1019.8,
2021-03-13,5.1,-3.5,15.0,0.0,,82.0,8.9,,1017.9,
2021-03-14,5.6,-1.2,13.0,0.0,,41.0,3.4,,1015.2,
2021-03-15,6.5,-2.4,14.0,1.0,,52.0,8.0,,1007.1,
2021-03-16,5.3,2.0,9.0,4.1,,239.0,13.6,,1002.4,
2021-03-17,3.7,0.8,8.0,1.4,,241.0,13.6,,1004.0,
2021-03-18,3.2,-1.0,7.7,1.0,,263.0,10.7,,1011.2,
2021-03-19,0.8,-4.0,3.0,9.7,,60.0,7.0,,1015.8,
2021-03-20,4.0,1.0,6.7,12.6,,60.0,5.9,,1016.7,
2021-03-21,6.5,3.7,11.0,1.1,,88.0,8.5,,1011.5,
2021-03-22,11.4,6.0,20.0,1.6,,122.0,19.0,,1002.1,
2021-03-23,5.3,1.0,12.4,9.8,,273.0,12.5,,1002.8,
2021-03-24,-0.1,-1.2,1.1,5.6,,294.0,17.1,,1006.7,
2021-03-25,-0.7,-3.0,2.5,3.1,,292.0,18.6,,1014.3,
2021-03-26,-0.6,-3.0,2.0,0.3,,279.0,15.7,,1022.4,
2021-03-27,2.7,-3.0,7.3,0.0,,317.0,8.0,,1027.6,
2021-03-28,3.5,-6.0,13.0,0.0,,351.0,2.0,,1029.8,
2021-03-29,4.1,-3.0,12.0,1.0,,309.0,8.4,,1029.0,
2021-03-30,2.9,-5.0,8.0,0.8,,299.0,10.5,,1024.5,
2021-03-31,5.0,2.0,9.0,1.9,,356.0,8.9,,1019.0,
2021-04-01,3.6,1.0,6.0,3.4,,280.0,10.4,,1016.6,
2021-04-02,5.6,2.0,11.5,0.0,,289.0,5.6,,1016.1,
2021-04-03,7.3,-1.1,17.8,0.6,,1.0,6.9,,1015.8,
2021-04-04,9.3,1.7,15.5,0.9,,120.0,8.4,,1015.0,
2021-04-05,10.0,7.0,14.4,12.5,,277.0,13.1,,1012.6,
2021-04-06,12.3,6.8,19.2,0.6,,100.0,15.5,,1009.8,
2021-04-07,15.1,8.8,22.0,0.0,,233.0,13.7,,1007.7,
2021-04-08,7.1,1.0,15.0,4.2,,275.0,14.2,,1012.3,
2021-04-09,1.6,0.0,4.0,3.2,,301.0,18.1,,1020.6,
2021-04-10,2.0,-1.0,6.0,0.0,,337.0,15.9,,1022.0,
2021-04-11,1.8,0.0,4.0,0.4,,285.0,13.6,,1022.4,
2021-04-12,2.5,0.0,5.0,6.5,,274.0,10.6,,1022.9,
2021-04-13,7.2,-1.0,14.0,0.0,,56.0,5.2,,1020.1,
2021-04-14,12.4,6.0,20.0,0.0,,119.0,13.8,,1016.0,
2021-04-15,11.8,3.0,20.0,0.0,,294.0,7.0,,1016.0,
2021-04-16,12.2,8.0,18.0,0.0,,299.0,4.5,,1016.4,
2021-04-17,14.9,8.0,25.1,1.5,,65.0,12.7,,1015.0,
2021-04-18,17.6,13.5,23.0,0.8,,230.0,16.4,,1016.1,
2021-04-19,12.2,10.0,15.0,10.5,,298.0,12.8,,1015.4,
2021-04-20,10.4,5.0,16.0,0.1,,278.0,11.7,,1012.6,
2021-04-21,9.0,0.0,16.0,0.1,,300.0,6.9,,1018.1,
2021-04-22,10.3,1.7,17.1,0.0,,305.0,7.4,,1022.0,
2021-04-23,12.1,2.4,22.0,0.0,,14.0,9.3,,1021.2,
2021-04-24,13.1,7.0,19.0,0.2,,311.0,6.8,,1018.7,
2021-04-25,10.6,8.0,14.0,11.9,,283.0,10.5,,1013.4,
2021-04-26,8.0,5.0,11.0,1.0,,274.0,18.1,,1014.8,
2021-04-27,10.0,-1.0,20.0,0.0,,88.0,8.0,,1016.3,
2021-04-28,16.2,5.5,26.0,0.2,,356.0,10.4,,1014.9,
2021-04-29,20.1,12.8,27.5,0.3,,260.0,12.8,,1014.9,
2021-04-30,18.6,12.4,25.2,0.0,,299.0,9.5,,1017.4,
2021-05-01,17.8,6.9,28.0,0.0,,351.0,3.0,,1018.6,
2021-05-02,21.0,12.0,31.0,0.0,,335.0,6.7,,1015.5,
2021-05-03,19.8,11.0,29.0,0.0,,337.0,7.3,,1013.8,
2021-05-04,16.2,12.0,20.0,2.9,,311.0,9.4,,1015.3,
2021-05-05,15.4,5.6,24.3,0.1,,9.0,6.7,,1013.0,
2021-05-06,14.1,8.7,19.2,2.2,,285.0,7.1,,1014.0,
2021-05-07,16.0,6.0,25.0,0.1,,81.0,6.4,,1017.2,
2021-05-08,17.3,11.0,23.0,0.3,,347.0,7.8,,1014.6,
2021-05-09,12.7,9.0,18.0,0.0,,314.0,13.9,,1020.8,
2021-05-10,10.9,-0.3,19.8,0.0,,30.0,7.3,,1020.9,
2021-05-11,13.1,2.6,23.0,0.0,,314.0,6.5,,1015.2,
2021-05-12,14.6,1.7,26.0,0.0,,323.0,5.6,,1010.5,
2021-05-13,17.6,5.5,28.0,0.0,,312.0,8.5,,1009.7,
2021-05-14,18.2,6.8,28.0,0.0,,318.0,9.0,,1012.6,
2021-05-15,18.1,7.5,28.0,0.0,,313.0,7.8,,1012.4,
2021-05-16,15.3,11.0,20.2,2.7,,273.0,11.9,,1008.3,
2021-05-17,14.8,6.8,21.6,0.0,,311.0,5.5,,1011.0,
2021-05-18,17.0,6.6,27.0,0.0,,283.0,12.0,,1010.7,
2021-05-19,16.4,5.6,26.0,0.0,,12.0,5.0,,1015.0,
2021-05-20,19.2,6.9,29.0,0.0,,295.0,12.7,,1009.3,
2021-05-21,15.6,7.5,24.0,2.0,,284.0,15.1,,1009.1,
2021-05-22,10.9,9.0,13.4,1.0,,285.0,15.8,,1017.6,
2021-05-23,14.8,4.8,23.0,0.0,,288.0,11.2,,1019.4,
2021-05-24,17.8,5.5,28.0,0.0,,310.0,9.2,,1021.0,
2021-05-25,19.8,9.3,28.0,0.0,,306.0,7.8,,1019.2,
2021-05-26,20.0,7.7,31.0,0.0,,334.0,7.2,,1014.5,
2021-05-27,20.0,9.9,30.0,0.4,,49.0,8.8,,1011.3,
2021-05-28,17.5,8.5,28.0,2.1,,324.0,6.9,,1009.3,
2021-05-29,15.0,11.4,19.8,1.1,,289.0,16.4,,1013.2,
2021-05-30,17.0,6.8,25.6,0.0,,2.0,6.6,,1014.5,
2021-05-31,15.8,13.0,19.0,6.9,,282.0,7.8,,1011.5,
2021-06-01,12.7,8.0,18.0,2.5,,310.0,9.0,,1010.4,
2021-06-02,10.3,6.8,15.0,2.8,,278.0,12.9,,1016.9,
2021-06-03,11.3,2.6,17.0,0.0,,306.0,9.7,,1020.7,
2021-06-04,13.7,8.4,18.0,0.0,,302.0,10.4,,1022.1,
2021-06-05,13.0,4.3,20.0,0.0,,315.0,9.1,,1020.8,
2021-06-06,14.2,3.6,22.0,0.0,,311.0,6.1,,1018.6,
2021-06-07,17.1,6.7,25.0,0.0,,314.0,5.0,,1017.4,
2021-06-08,15.8,11.0,22.0,9.0,,317.0,3.3,,1015.0,
2021-06-09,16.3,10.0,23.0,0.9,,319.0,5.6,,1012.8,
2021-06-10,17.1,10.0,24.0,0.8,,289.0,5.3,,1011.2,
2021-06-11,16.9,10.5,24.0,0.3,,309.0,8.4,,1012.8,
2021-06-12,17.5,8.6,26.0,0.2,,319.0,5.1,,1014.1,
2021-06-13,17.0,10.0,24.0,0.6,,328.0,3.7,,1013.3,
2021-06-14,14.5,11.9,20.5,4.1,,275.0,10.0,,1011.0,
2021-06-15,13.7,10.0,19.0,1.5,,274.0,10.9,,1012.2,
2021-06-16,13.6,7.0,20.0,0.3,,286.0,10.5,,1012.0,
2021-06-17,15.3,10.0,21.2,0.1,,311.0,7.8,,1017.8,
2021-06-18,17.7,9.9,26.0,0.4,,345.0,4.3,,1016.3,
2021-06-19,18.1,10.6,25.0,0.3,,347.0,4.0,,1013.4,
2021-06-20,19.1,13.0,25.0,1.6,,302.0,5.2,,1011.6,
2021-06-21,17.3,14.5,25.9,6.1,,313.0,5.8,,1012.2,
2021-06-22,18.5,13.7,24.2,8.2,,314.0,7.6,,1014.3,
2021-06-23,20.3,13.1,27.0,0.1,,292.0,8.7,,1015.9,
2021-06-24,21.5,15.9,27.0,0.6,,292.0,13.1,,1016.5,
2021-06-25,22.5,16.9,29.0,0.0,,296.0,11.2,,1015.2,
2021-06-26,22.8,18.0,28.0,0.0,,299.0,12.4,,1013.3,
2021-06-27,23.4,17.5,30.0,0.0,,313.0,8.1,,1014.1,
2021-06-28,22.9,14.1,29.0,0.0,,314.0,8.9,,1016.0,
2021-06-29,22.5,15.1,29.1,0.0,,317.0,6.9,,1016.1,
2021-06-30,23.6,13.9,31.2,0.0,,336.0,5.3,,1015.1,
2021-07-01,24.1,13.2,33.3,0.0,,336.0,3.3,,1013.2,
2021-07-02,24.9,14.9,35.0,0.0,,327.0,10.0,,1008.2,
2021-07-03,20.8,16.0,26.0,4.3,,285.0,17.2,,1007.9,
2021-07-04,18.1,14.0,23.0,1.4,,288.0,15.8,,1011.0,
2021-07-05,18.9,9.8,26.0,0.0,,317.0,5.8,,1011.0,
2021-07-06,17.4,10.8,21.0,5.0,,298.0,9.9,,1010.8,
2021-07-07,20.8,17.0,26.0,1.6,,291.0,13.7,,1014.1,
2021-07-08,21.4,18.0,26.1,0.8,,290.0,12.6,,1016.3,
2021-07-09,22.2,17.0,28.0,1.8,,322.0,11.5,,1015.3,
2021-07-10,21.3,15.0,28.2,0.0,,292.0,10.4,,1012.6,
2021-07-11,21.9,14.5,29.0,0.0,,272.0,10.4,,1011.7,
2021-07-12,22.2,12.2,30.0,0.0,,291.0,9.4,,1012.7,
2021-07-13,23.3,16.9,30.0,0.0,,292.0,13.9,,1013.2,
2021-07-14,22.5,14.8,29.5,0.0,,286.0,9.6,,1013.2,
2021-07-15,24.4,15.8,33.7,0.0,,313.0,9.7,,1010.8,
2021-07-16,24.4,13.6,33.0,0.0,,10.0,5.6,,1010.2,
2021-07-17,25.4,13.5,35.2,0.0,,19.0,6.2,,1007.1,
2021-07-18,27.6,17.0,38.0,0.0,,7.0,6.7,,1005.3,
2021-07-19,27.8,19.3,36.0,0.0,,299.0,8.6,,1007.3,
2021-07-20,26.5,20.3,33.0,0.0,,278.0,15.0,,1009.4,
2021-07-21,24.6,19.0,31.0,0.0,,284.0,14.5,,1011.5,
2021-07-22,21.7,17.0,27.0,0.0,,301.0,15.5,,1013.5,
2021-07-23,20.0,12.6,26.0,0.0,,330.0,10.1,,1012.7,
2021-07-24,20.9,15.0,28.0,0.0,,317.0,8.5,,1011.8,
2021-07-25,21.0,14.2,28.0,0.6,,331.0,10.0,,1013.8,
2021-07-26,21.9,14.6,29.0,0.1,,304.0,12.3,,1017.0,
2021-07-27,23.2,13.6,32.0,0.0,,338.0,10.8,,1018.6,
2021-07-28,23.3,13.1,32.0,0.0,,336.0,7.9,,1017.1,
2021-07-29,23.8,13.3,33.0,0.0,,329.0,6.5,,1014.5,
2021-07-30,25.6,13.1,34.0,0.0,,345.0,8.2,,1012.1,
2021-07-31,25.3,13.6,34.4,0.0,,349.0,7.5,,1011.8,
2021-08-01,25.1,15.4,33.0,0.0,,328.0,8.8,,1012.5,
2021-08-02,24.7,11.9,34.0,0.0,,325.0,7.7,,1013.1,
2021-08-03,26.6,14.0,36.7,0.0,,322.0,7.1,,1014.3,
2021-08-04,27.0,15.5,35.0,0.0,,333.0,8.3,,1015.7,
2021-08-05,26.1,15.4,34.5,0.0,,324.0,6.0,,1013.5,
2021-08-06,24.7,12.8,35.0,0.0,,22.0,6.3,,1006.6,
2021-08-07,22.7,18.0,26.2,4.5,,298.0,20.7,,1007.6,
2021-08-08,20.4,18.0,24.8,2.6,,296.0,15.0,,1015.4,
2021-08-09,20.9,13.4,28.0,0.0,,283.0,12.8,,1017.8,
2021-08-10,21.8,12.7,29.0,0.0,,288.0,15.1,,1016.7,
2021-08-11,22.0,17.0,28.0,0.0,,318.0,12.6,,1014.4,
2021-08-12,20.5,11.7,27.0,0.0,,327.0,12.8,,1016.9,
2021-08-13,20.9,13.0,28.3,0.0,,337.0,11.2,,1019.7,
2021-08-14,19.7,12.6,27.0,0.0,,293.0,9.0,,1018.8,
2021-08-15,19.8,12.0,28.0,0.0,,295.0,8.8,,1016.9,
2021-08-16,20.6,9.5,30.0,0.0,,344.0,6.2,,1015.6,
2021-08-17,22.4,10.8,32.6,0.0,,13.0,4.4,,1013.0,
2021-08-18,23.5,12.8,32.0,0.0,,299.0,10.6,,1009.6,
2021-08-19,21.4,13.0,28.4,0.0,,298.0,15.0,,1011.3,
2021-08-20,21.0,15.0,28.0,0.1,,305.0,8.6,,1014.4,
2021-08-21,20.0,11.0,30.0,0.0,,279.0,8.1,,1015.3,
2021-08-22,20.9,14.0,29.2,0.0,,278.0,11.0,,1014.4,
2021-08-23,22.1,15.9,30.0,0.0,,296.0,8.1,,1014.7,
2021-08-24,22.5,12.0,32.0,0.0,,355.0,8.2,,1013.8,
2021-08-25,23.0,13.0,33.0,0.0,,355.0,7.3,,1012.5,
2021-08-26,23.6,14.8,32.0,0.0,,309.0,7.3,,1012.6,
2021-08-27,24.4,13.0,34.0,0.0,,7.0,6.3,,1012.8,
2021-08-28,25.7,16.0,35.1,0.0,,329.0,9.2,,1010.1,
2021-08-29,25.5,16.0,33.0,0.0,,286.0,12.9,,1006.9,
2021-08-30,24.5,17.0,31.0,0.0,,285.0,12.5,,1009.8,
2021-08-31,23.5,17.5,30.7,0.0,,285.0,12.5,,1013.3,
2021-09-01,22.1,17.0,28.0,0.0,,275.0,15.2,,1012.7,
2021-09-02,18.7,14.0,25.0,0.0,,302.0,14.4,,1016.3,
2021-09-03,16.0,9.0,22.1,0.0,,324.0,8.9,,1019.0,
2021-09-04,16.7,7.0,26.0,0.0,,329.0,5.4,,1015.5,
2021-09-05,18.4,12.0,26.0,0.0,,319.0,9.6,,1014.0,
2021-09-06,19.1,15.0,24.0,1.0,,343.0,6.9,,1017.0,
2021-09-07,16.9,9.0,24.0,0.0,,47.0,10.4,,1020.1,
2021-09-08,17.3,7.0,27.0,0.0,,27.0,6.7,,1018.9,
2021-09-09,18.1,8.0,29.0,0.0,,334.0,6.9,,1015.4,
2021-09-10,17.0,13.0,23.0,3.9,,276.0,14.0,,1015.1,
2021-09-11,16.0,13.0,21.5,0.4,,276.0,13.8,,1016.1,
2021-09-12,16.5,7.5,25.0,0.0,,329.0,4.6,,1013.4,
2021-09-13,18.0,9.0,27.0,0.0,,318.0,7.3,,1011.8,
2021-09-14,18.4,13.0,24.0,0.0,,272.0,10.4,,1013.4,
2021-09-15,14.9,13.9,16.8,17.7,,309.0,9.6,,1015.1,
2021-09-16,16.3,13.4,20.0,0.3,,310.0,11.3,,1017.1,
2021-09-17,15.6,8.7,23.0,0.0,,292.0,6.7,,1017.6,
2021-09-18,16.6,7.0,27.0,0.0,,36.0,5.4,,1015.5,
2021-09-19,19.5,12.0,27.6,0.3,,329.0,4.5,,1015.9,
2021-09-20,19.9,13.0,30.0,0.0,,359.0,5.2,,1015.9,
2021-09-21,17.8,11.4,25.0,2.4,,306.0,9.8,,1017.4,
2021-09-22,14.9,12.0,18.0,0.0,,302.0,12.3,,1016.3,
2021-09-23,10.9,8.0,14.0,2.1,,295.0,15.5,,1014.6,
2021-09-24,11.0,5.0,18.0,0.0,,312.0,5.5,,1018.3,
2021-09-25,12.4,3.9,21.1,0.0,,334.0,5.1,,1021.4,
2021-09-26,13.8,5.0,23.1,0.0,,20.0,2.7,,1022.6,
2021-09-27,14.7,6.0,25.0,0.0,,321.0,7.8,,1017.5,
2021-09-28,15.2,9.0,23.0,0.0,,277.0,10.8,,1016.7,
2021-09-29,13.8,11.0,19.0,0.0,,280.0,11.3,,1018.3,
2021-09-30,13.3,10.0,19.1,0.0,,314.0,7.7,,1019.5,
2021-10-01,11.0,3.0,19.0,0.0,,336.0,4.1,,1020.7,
2021-10-02,11.6,3.9,20.0,0.0,,315.0,7.0,,1019.4,
2021-10-03,12.1,5.0,19.0,0.0,,285.0,8.6,,1020.9,
2021-10-04,11.1,3.0,19.0,0.0,,329.0,6.3,,1022.0,
2021-10-05,10.8,6.0,17.0,0.0,,309.0,11.6,,1022.0,
2021-10-06,10.0,2.0,18.0,0.0,,348.0,3.0,,1021.8,
2021-10-07,10.2,1.0,20.0,0.0,,67.0,5.8,,1020.2,
2021-10-08,11.4,1.0,22.0,0.0,,51.0,6.7,,1019.5,
2021-10-09,14.5,5.0,24.0,0.0,,357.0,6.1,,1018.5,
2021-10-10,15.0,7.0,24.0,0.0,,319.0,5.6,,1020.0,
2021-10-11,15.4,9.0,24.5,0.0,,341.0,2.8,,1018.0,
2021-10-12,14.4,8.0,24.0,5.3,,355.0,6.0,,1011.3,
2021-10-13,12.3,8.0,17.0,0.2,,312.0,7.0,,1013.4,
2021-10-14,11.8,5.0,21.0,0.0,,61.0,5.9,,1018.7,
2021-10-15,12.9,4.5,21.4,0.0,,47.0,6.2,,1017.8,
2021-10-16,15.1,10.0,20.9,0.4,,235.0,7.5,,1014.4,
2021-10-17,12.3,10.6,15.0,3.8,,266.0,11.2,,1016.8,
2021-10-18,12.3,10.0,15.8,0.7,,302.0,6.4,,1020.9,
2021-10-19,10.3,6.0,15.0,0.2,,295.0,5.1,,1024.7,
2021-10-20,8.5,2.0,16.2,0.0,,20.0,4.6,,1026.6,
2021-10-21,9.0,2.0,18.0,0.0,,95.0,10.1,,1024.8,
2021-10-22,10.5,1.0,21.0,0.0,,76.0,8.0,,1022.5,
2021-10-23,10.5,1.0,21.0,0.0,,318.0,3.1,,1022.1,
2021-10-24,10.0,2.0,17.2,0.1,,312.0,10.0,,1023.4,
2021-10-25,8.7,2.0,14.3,0.0,,10.0,4.8,,1026.1,
2021-10-26,4.6,-3.1,13.0,0.0,,67.0,8.8,,1024.8,
2021-10-27,5.8,-4.0,16.0,0.0,,2.0,3.2,,1023.1,
2021-10-28,8.3,2.0,16.0,0.0,,288.0,7.2,,1023.0,
2021-10-29,7.5,0.0,15.0,0.0,,62.0,7.1,,1021.9,
2021-10-30,8.2,1.0,16.0,0.0,,86.0,9.6,,1021.8,
2021-10-31,9.3,2.0,17.0,0.1,,80.0,10.0,,1020.0,
2021-11-01,10.7,8.0,12.0,6.0,,76.0,9.9,,1015.9,
2021-11-02,10.5,8.9,12.0,1.0,,68.0,8.4,,1014.6,
2021-11-03,13.4,10.9,19.0,3.8,,65.0,5.7,,1019.1,
2021-11-04,11.4,4.0,20.0,0.0,,64.0,5.9,,1024.8,
2021-11-05,10.0,3.0,19.4,0.0,,26.0,2.7,,1024.8,
2021-11-06,9.4,1.0,21.0,0.0,,4.0,0.2,,1025.4,
2021-11-07,9.5,2.0,20.0,0.0,,18.0,1.3,,1024.2,
2021-11-08,11.1,3.0,22.0,0.0,,44.0,6.4,,1020.8,
2021-11-09,10.6,1.0,21.0,0.1,,356.0,5.4,,1022.5,
2021-11-10,7.0,1.4,11.3,3.3,,325.0,14.8,,1030.5,
2021-11-11,3.4,-3.7,9.5,0.0,,83.0,9.1,,1029.9,
2021-11-12,2.8,-2.9,10.0,0.0,,93.0,10.7,,1025.2,
2021-11-13,2.9,-3.4,11.0,0.0,,96.0,8.8,,1024.5,
2021-11-14,3.1,-5.0,13.0,0.0,,78.0,6.0,,1023.7,
2021-11-15,5.3,-3.0,16.0,0.0,,353.0,2.2,,1022.3,
2021-11-16,4.2,-2.9,12.3,0.0,,54.0,6.4,,1023.3,
2021-11-17,3.2,-4.0,12.1,0.0,,59.0,5.4,,1021.6,
2021-11-18,4.5,-2.4,13.8,0.0,,320.0,5.0,,1022.4,
2021-11-19,6.4,5.0,7.0,0.0,,282.0,10.8,,1019.8,
2021-11-20,5.5,-1.0,10.0,0.0,,345.0,5.7,,1017.6,
2021-11-21,2.4,-5.0,11.0,0.0,,64.0,6.1,,1019.6,
2021-11-22,5.1,-2.0,13.0,0.0,,100.0,10.1,,1020.6,
2021-11-23,6.6,0.0,13.0,3.7,,81.0,7.2,,1020.1,
2021-11-24,7.5,5.8,9.0,15.6,,346.0,2.7,,1019.6,
2021-11-25,6.2,4.5,8.0,1.7,,35.0,6.4,,1019.8,
2021-11-26,8.6,4.0,13.1,0.5,,97.0,12.4,,1017.2,
2021-11-27,13.2,10.0,16.0,5.5,,146.0,9.5,,1013.4,
2021-11-28,12.5,8.0,18.0,0.8,,131.0,12.2,,1011.7,
2021-11-29,14.3,7.5,21.0,6.7,,141.0,20.4,,1010.0,
2021-11-30,8.4,4.0,14.0,24.2,,251.0,15.0,,1006.7,
2021-12-01,3.6,1.9,6.2,3.4,,268.0,12.2,,1014.0,
2021-12-02,2.3,-3.0,9.0,0.0,,78.0,10.9,,1018.4,
2021-12-03,6.3,2.9,11.0,0.0,,86.0,12.8,,1018.3,
2021-12-04,6.8,4.9,9.0,3.1,,82.0,12.5,,1014.9,
2021-12-05,9.0,5.5,13.0,1.2,,97.0,8.0,,1012.9,
2021-12-06,11.2,7.0,17.0,0.0,,122.0,12.4,,1015.1,
2021-12-07,8.4,6.6,11.0,11.4,,106.0,12.9,,1007.4,
2021-12-08,5.8,1.3,9.0,2.9,,68.0,4.6,,1006.8,
2021-12-09,5.6,0.0,12.0,0.1,,97.0,6.7,,1018.2,
2021-12-10,5.2,1.8,13.0,0.0,,88.0,15.6,,1019.7,
2021-12-11,8.9,5.0,14.0,2.2,,104.0,12.6,,1018.2,
2021-12-12,11.1,7.0,17.0,0.0,,103.0,15.7,,1017.2,
2021-12-13,7.0,5.8,9.0,4.2,,86.0,8.9,,1016.5,
2021-12-14,6.7,5.0,8.4,1.8,,55.0,5.4,,1013.8,
2021-12-15,3.8,1.8,7.0,14.4,,276.0,17.4,,1014.9,
2021-12-16,1.2,0.0,2.3,3.3,,267.0,13.3,,1019.2,
2021-12-17,1.1,-0.1,2.1,0.1,,270.0,13.1,,1017.4,
2021-12-18,0.7,0.0,2.0,5.9,,305.0,4.7,,1014.0,
2021-12-19,1.0,0.0,3.0,6.1,,350.0,6.7,,1010.8,
2021-12-20,0.7,-1.0,3.0,0.3,,264.0,7.2,,1010.2,
2021-12-21,-0.9,-5.0,0.8,2.0,,279.0,12.1,,1018.0,
2021-12-22,-4.2,-8.6,-1.0,0.0,,347.0,2.5,,1024.8,
2021-12-23,-5.5,-9.0,-1.0,0.0,,347.0,3.3,,1024.5,
2021-12-24,-6.5,-10.1,-2.0,0.0,,107.0,7.1,,1022.9,
2021-12-25,-3.3,-8.1,2.0,0.0,,96.0,12.5,,1022.7,
2021-12-26,3.1,0.0,10.0,0.0,,88.0,13.2,,1021.2,
2021-12-27,4.9,1.1,12.0,0.0,,95.0,10.2,,1021.1,
2021-12-28,4.6,0.8,11.0,0.0,,86.0,11.9,,1016.9,
2021-12-29,4.2,0.0,9.2,0.3,,84.0,14.1,,1013.5,
2021-12-30,6.1,3.5,10.4,0.2,,82.0,16.1,,1012.6,
2021-12-31,3.8,-2.0,11.0,0.0,,72.0,3.8,,1019.6,
2022-01-01,2.8,-0.4,6.0,0.3,,319.0,2.5,,1019.2,
2022-01-02,5.6,2.0,8.0,0.8,,288.0,13.0,,1022.1,
2022-01-03,0.4,-2.5,5.0,0.0,,36.0,3.5,,1021.0,
2022-01-04,2.5,-4.0,12.0,0.0,,357.0,1.9,,1018.2,
2022-01-05,4.0,-2.0,12.0,0.0,,97.0,9.7,,1017.4,
2022-01-06,6.6,-1.0,16.0,0.1,,111.0,7.4,,1017.5,
2022-01-07,5.7,1.0,11.1,0.0,,63.0,4.3,,1018.6,
2022-01-08,5.1,1.0,8.0,5.0,,90.0,6.1,,1016.2,
2022-01-09,6.6,2.9,11.5,1.1,,100.0,10.7,,1008.2,
2022-01-10,6.0,4.0,8.0,2.3,,83.0,14.9,,1003.7,
2022-01-11,6.1,3.0,10.2,1.2,,82.0,14.5,,1009.0,
2022-01-12,3.0,-1.0,6.0,6.1,,311.0,15.4,,1013.6,
2022-01-13,-1.9,-5.0,0.0,0.0,,334.0,18.3,,1023.5,
2022-01-14,-4.9,-11.0,1.0,0.0,,50.0,3.4,,1022.3,
2022-01-15,-2.5,-8.4,2.0,1.1,,298.0,10.9,,1017.3,
2022-01-16,-2.3,-5.0,0.3,0.1,,285.0,9.8,,1023.3,
2022-01-17,-4.3,-11.0,3.0,0.0,,46.0,5.5,,1022.5,
2022-01-18,-2.5,-5.0,0.0,4.5,,289.0,11.1,,1018.5,
2022-01-19,-5.0,-7.0,-3.0,1.6,,287.0,16.7,,1025.0,
2022-01-20,-6.6,-13.4,-1.0,0.0,,33.0,5.4,,1026.7,
2022-01-21,-2.8,-7.5,1.4,3.1,,90.0,13.3,,1020.3,
2022-01-22,-2.1,-4.2,1.2,11.5,,269.0,11.7,,1011.9,
2022-01-23,-5.0,-6.1,-4.0,1.9,,288.0,21.3,,1013.2,
2022-01-24,-7.0,-12.0,-2.0,0.0,,277.0,10.5,,1021.2,
2022-01-25,-8.2,-14.0,-3.0,0.5,,348.0,2.5,,1022.6,
2022-01-26,-4.5,-7.6,-2.0,0.3,,322.0,10.6,,1018.6,
2022-01-27,-4.4,-9.0,-0.4,0.5,,279.0,7.5,,1022.3,
2022-01-28,-7.5,-13.0,-2.0,0.0,,58.0,5.3,,1023.0,
2022-01-29,-5.4,-7.0,-2.0,0.0,,107.0,10.3,,1023.6,
2022-01-30,-5.1,-10.0,-1.0,0.4,,110.0,7.6,,1018.8,
2022-01-31,-1.8,-5.0,3.0,0.2,,356.0,4.5,,1013.5,
2022-02-01,-3.5,-7.0,0.0,0.0,,84.0,15.1,,1013.3,
2022-02-02,3.8,0.4,7.0,14.9,,100.0,15.0,,1010.4,
2022-02-03,3.3,1.0,7.0,8.5,,68.0,11.8,,1008.0,
2022-02-04,-0.4,-6.0,2.0,0.9,,310.0,14.4,,1016.9,
2022-02-05,-3.2,-9.0,3.0,0.0,,92.0,8.2,,1021.2,
2022-02-06,-0.6,-7.3,7.0,0.0,,4.0,3.4,,1023.4,
2022-02-07,1.7,-4.1,9.0,0.2,,86.0,9.8,,1017.4,
2022-02-08,6.2,0.0,10.0,23.1,,173.0,15.2,,1006.2,
2022-02-09,0.3,-1.0,2.0,4.2,,301.0,21.1,,1015.4,
2022-02-10,0.8,-3.0,4.0,0.6,,308.0,13.5,,1024.9,
2022-02-11,-0.3,-7.1,8.0,0.0,,52.0,6.8,,1027.8,
2022-02-12,1.1,-4.0,10.0,0.0,,69.0,6.6,,1028.1,
2022-02-13,1.2,-4.0,8.0,0.0,,30.0,5.0,,1025.3,
2022-02-14,1.9,1.0,3.0,0.1,,295.0,6.6,,1022.0,
2022-02-15,2.5,-1.0,7.0,0.0,,67.0,3.5,,1023.1,
2022-02-16,1.2,-6.0,9.0,0.0,,97.0,8.5,,1023.6,
2022-02-17,2.1,-4.0,9.0,0.0,,96.0,12.0,,1016.9,
2022-02-18,1.3,-2.0,4.0,5.3,,96.0,11.3,,1013.4,
2022-02-19,3.1,-2.0,8.0,0.0,,226.0,7.1,,1021.0,
2022-02-20,3.3,-2.6,10.0,0.0,,92.0,10.9,,1021.9,
2022-02-21,7.8,1.0,16.0,0.0,,74.0,4.7,,1015.5,
2022-02-22,6.3,0.0,11.8,1.1,,79.0,8.4,,1010.4,
2022-02-23,7.8,3.0,14.0,0.5,,123.0,10.6,,1013.9,
2022-02-24,4.3,1.0,7.0,10.1,,296.0,8.7,,1012.2,
2022-02-25,2.7,1.1,5.0,9.5,,281.0,16.4,,1012.4,
2022-02-26,3.8,0.0,8.0,0.1,,307.0,5.9,,1019.0,
2022-02-27,6.9,2.4,13.0,0.0,,80.0,8.2,,1018.9,
2022-02-28,5.8,2.0,9.0,4.4,,246.0,10.3,,1015.0,
2022-03-01,1.9,0.6,4.0,0.9,,287.0,8.4,,1018.9,
2022-03-02,1.2,-1.0,4.0,3.4,,307.0,5.3,,1013.7,
2022-03-03,-0.9,-2.0,0.6,6.8,,294.0,20.6,,1009.1,
2022-03-04,-1.1,-6.0,4.0,0.0,,45.0,4.0,,1016.6,
2022-03-05,0.7,-4.0,5.5,0.4,,69.0,8.0,,1016.5,
2022-03-06,4.7,2.0,9.1,1.5,,86.0,11.2,,1013.5,
2022-03-07,3.5,0.9,7.0,7.1,,95.0,10.0,,1010.6,
2022-03-08,2.3,-1.0,6.9,5.0,,315.0,10.2,,1010.5,
2022-03-09,0.1,-2.0,3.0,0.0,,317.0,12.5,,1010.5,
2022-03-10,-1.5,-3.0,1.0,0.7,,320.0,10.9,,1010.9,
2022-03-11,-4.0,-7.0,-1.0,1.0,,293.0,19.3,,1016.3,
2022-03-12,-6.6,-11.0,-3.9,0.3,,306.0,10.5,,1022.6,
2022-03-13,-4.4,-10.0,1.0,0.0,,296.0,10.2,,1024.5,
2022-03-14,-3.3,-10.0,3.1,0.0,,327.0,8.6,,1029.8,
2022-03-15,-1.5,-5.0,2.0,0.2,,302.0,9.9,,1032.0,
2022-03-16,-2.4,-8.5,3.0,0.0,,59.0,4.1,,1027.2,
2022-03-17,0.7,-1.9,4.2,1.7,,324.0,6.8,,1024.0,
2022-03-18,-3.4,-6.4,0.2,0.8,,329.0,17.9,,1032.4,
2022-03-19,-4.2,-7.3,0.5,0.9,,322.0,17.6,,1033.4,
2022-03-20,-2.5,-5.4,1.1,0.2,,327.0,14.8,,1032.3,
2022-03-21,-2.0,-10.0,3.5,0.0,,333.0,10.0,,1027.9,
2022-03-22,-0.8,-5.0,5.0,0.5,,7.0,6.2,,1020.8,
2022-03-23,1.1,-4.7,5.1,0.5,,335.0,7.4,,1019.1,
2022-03-24,1.0,-2.0,3.0,1.5,,294.0,12.5,,1017.8,
2022-03-25,3.4,-6.8,12.4,0.4,,311.0,10.5,,1018.7,
2022-03-26,1.5,-4.0,7.0,1.7,,324.0,10.2,,1025.0,
2022-03-27,2.8,-8.1,14.0,0.0,,331.0,7.0,,1028.1,
2022-03-28,7.0,-4.0,18.0,0.0,,29.0,2.1,,1028.2,
2022-03-29,7.9,1.0,15.7,4.6,,349.0,3.6,,1020.2,
2022-03-30,8.1,-2.0,17.0,0.0,,13.0,3.5,,1015.8,
2022-03-31,11.5,3.3,20.0,0.0,,59.0,6.6,,1015.6,
2022-04-01,16.7,10.0,25.0,0.2,,113.0,16.4,,1012.1,
2022-04-02,16.3,9.0,21.5,0.0,,231.0,19.1,,1008.5,
2022-04-03,11.7,4.0,18.0,0.1,,259.0,18.6,,1011.5,
2022-04-04,9.8,-1.0,18.0,0.0,,286.0,7.5,,1017.8,
2022-04-05,10.6,4.0,19.0,1.4,,356.0,4.5,,1012.1,
2022-04-06,10.8,2.0,18.0,0.0,,327.0,4.7,,1012.3,
2022-04-07,9.7,0.0,18.0,10.2,,36.0,8.7,,1008.9,
2022-04-08,11.3,5.0,15.0,3.2,,290.0,12.7,,1008.0,
2022-04-09,12.4,1.0,25.0,0.0,,74.0,10.1,,1012.0,
2022-04-10,15.6,6.8,24.0,0.0,,233.0,8.5,,1008.0,
2022-04-11,8.0,3.0,14.5,2.8,,272.0,18.2,,1007.9,
2022-04-12,4.0,0.0,8.6,1.8,,308.0,15.7,,1018.5,
2022-04-13,2.7,-3.0,9.1,0.0,,333.0,5.3,,1020.6,
2022-04-14,5.0,-5.5,15.0,0.0,,334.0,4.3,,1022.0,
2022-04-15,9.5,-1.7,20.0,0.0,,323.0,4.3,,1020.2,
2022-04-16,11.4,0.8,21.1,0.0,,63.0,6.4,,1016.0,
2022-04-17,10.1,5.4,12.3,6.2,,81.0,8.3,,1010.8,
2022-04-18,11.5,7.0,18.3,1.9,,280.0,14.3,,1004.1,
2022-04-19,7.2,4.6,12.6,1.8,,285.0,9.6,,1009.4,
2022-04-20,7.6,-2.4,16.0,0.0,,321.0,3.6,,1015.9,
2022-04-21,10.0,1.9,18.0,0.0,,316.0,6.6,,1016.7,
2022-04-22,12.1,2.0,21.0,0.0,,66.0,7.8,,1017.7,
2022-04-23,16.2,9.0,25.0,0.2,,98.0,11.2,,1011.6,
2022-04-24,17.2,5.8,27.0,0.0,,317.0,5.4,,1010.9,
2022-04-25,17.3,6.1,28.0,0.0,,321.0,6.6,,1010.0,
2022-04-26,17.4,7.7,25.0,0.0,,293.0,10.0,,1012.0,
2022-04-27,17.9,12.6,25.4,0.0,,275.0,14.0,,1012.9,
2022-04-28,17.2,7.5,26.0,0.3,,298.0,9.6,,1013.7,
2022-04-29,16.4,7.5,27.0,0.6,,313.0,7.5,,1014.7,
2022-04-30,12.2,10.7,16.0,3.7,,281.0,10.8,,1014.8,
2022-05-01,12.8,9.0,19.0,0.0,,317.0,7.9,,1015.4,
2022-05-02,12.6,5.9,19.1,3.0,,63.0,9.2,,1013.3,
2022-05-03,12.6,10.0,19.0,4.5,,301.0,6.7,,1010.5,
2022-05-04,9.7,8.0,13.1,0.2,,283.0,14.9,,1013.9,
2022-05-05,9.3,5.7,13.0,0.0,,320.0,10.0,,1019.0,
2022-05-06,9.6,5.0,14.6,0.0,,299.0,13.8,,1020.5,
2022-05-07,10.0,5.0,16.1,0.0,,312.0,10.0,,1019.4,
2022-05-08,11.7,1.4,21.0,0.0,,320.0,4.2,,1019.8,
2022-05-09,13.0,3.7,21.1,0.0,,322.0,7.5,,1018.1,
2022-05-10,13.4,2.6,22.0,0.0,,357.0,7.4,,1017.5,
2022-05-11,15.0,8.0,21.4,1.1,,284.0,11.7,,1016.9,
2022-05-12,14.3,5.9,22.0,0.0,,304.0,6.3,,1021.1,
2022-05-13,15.4,3.9,24.0,0.0,,75.0,5.1,,1019.8,
2022-05-14,18.4,12.8,24.0,1.7,,311.0,9.3,,1016.0,
2022-05-15,17.8,12.4,24.0,0.0,,300.0,11.7,,1015.9,
2022-05-16,15.5,8.0,22.0,4.4,,342.0,3.9,,1019.2,
2022-05-17,17.0,8.3,24.0,0.1,,325.0,6.0,,1017.3,
2022-05-18,16.6,6.5,26.0,0.0,,320.0,10.6,,1014.3,
2022-05-19,9.8,6.9,14.0,0.1,,320.0,14.9,,1022.2,
2022-05-20,11.3,0.0,20.0,0.0,,36.0,4.4,,1024.3,
2022-05-21,15.0,4.0,25.0,0.0,,57.0,7.6,,1018.9,
2022-05-22,16.9,5.8,26.0,0.0,,327.0,9.1,,1010.2,
2022-05-23,16.4,10.2,22.0,0.1,,301.0,14.7,,1009.3,
2022-05-24,16.1,8.0,23.0,0.0,,314.0,9.7,,1013.9,
2022-05-25,18.1,11.0,25.0,0.0,,300.0,9.6,,1017.7,
2022-05-26,20.8,10.0,29.6,,,304.0,10.2,,1019.6,
2022-05-27,20.9,11.5,28.0,,,318.0,9.0,,1018.5,
2022-05-28,20.5,10.3,28.4,0.0,,304.0,8.0,,1014.1,
2022-05-29,21.2,12.1,31.7,1.2,,42.0,7.3,,1013.1,
2022-05-30,22.5,14.0,31.4,0.0,,57.0,13.7,,1012.0,
2022-05-31,21.9,15.0,29.0,0.0,,284.0,14.5,,1013.8,
2022-06-01,20.8,14.8,29.3,0.1,,280.0,10.1,,1013.9,
2022-06-02,21.8,13.0,30.0,0.5,,330.0,9.0,,1012.4,
2022-06-03,21.3,15.5,27.0,1.0,,288.0,16.0,,1012.4,
2022-06-04,21.5,16.0,28.2,1.1,,287.0,15.0,,1013.3,
2022-06-05,21.8,15.0,29.0,0.0,,297.0,14.1,,1013.1,
2022-06-06,21.1,12.8,28.1,0.4,,287.0,13.4,,1011.9,
2022-06-07,18.3,13.0,24.0,1.3,,279.0,12.2,,1010.8,
2022-06-08,18.4,11.0,25.0,0.7,,306.0,8.8,,1009.7,
2022-06-09,18.5,10.0,27.0,0.4,,284.0,6.1,,1010.6,
2022-06-10,20.6,13.0,28.0,0.0,,16.0,4.9,,1011.7,
2022-06-11,17.5,15.0,21.0,13.2,,353.0,8.8,,1009.6,
2022-06-12,16.4,13.3,20.0,2.8,,306.0,5.8,,1006.2,
2022-06-13,18.7,15.4,22.0,2.2,,300.0,12.1,,1008.7,
2022-06-14,19.7,15.0,25.3,2.2,,322.0,9.3,,1012.0,
2022-06-15,19.6,12.0,26.0,0.7,,358.0,4.1,,1016.7,
2022-06-16,18.8,13.1,25.0,0.7,,331.0,6.6,,1017.6,
2022-06-17,20.0,15.0,26.3,1.6,,292.0,7.5,,1015.6,
2022-06-18,19.7,13.8,26.0,4.9,,298.0,9.1,,1014.1,
2022-06-19,19.5,14.3,25.0,1.6,,313.0,7.7,,1015.4,
2022-06-20,19.9,13.0,28.7,6.6,,338.0,11.3,,1012.4,
2022-06-21,18.9,16.4,22.0,3.0,,296.0,13.6,,1009.8,
2022-06-22,20.5,12.7,26.0,0.4,,310.0,12.4,,1010.8,
2022-06-23,21.1,14.7,27.0,0.3,,302.0,10.3,,1012.2,
2022-06-24,18.2,13.9,22.0,1.1,,316.0,12.6,,1012.9,
2022-06-25,17.6,13.6,22.0,0.9,,287.0,15.5,,1014.1,
2022-06-26,17.5,10.9,22.0,0.0,,308.0,11.6,,1014.7,
2022-06-27,17.6,13.0,21.4,5.8,,291.0,14.5,,1015.2,
2022-06-28,18.3,14.6,23.2,2.0,,311.0,13.0,,1013.0,
2022-06-29,19.1,15.0,23.3,2.0,,318.0,8.7,,1013.1,
2022-06-30,19.4,12.0,26.0,2.5,,348.0,6.6,,1013.0,
2022-07-01,21.5,15.0,28.0,1.0,,317.0,12.2,,1013.6,
2022-07-02,21.8,14.2,29.0,0.0,,330.0,8.3,,1015.6,
2022-07-03,20.9,11.6,29.0,0.0,,344.0,6.9,,1015.7,
2022-07-04,20.4,9.9,29.0,0.0,,10.0,6.5,,1014.4,
2022-07-05,20.9,10.6,30.0,0.0,,319.0,7.7,,1013.1,
2022-07-06,21.3,10.5,30.0,0.0,,333.0,7.0,,1010.7,
2022-07-07,21.7,16.5,28.0,0.3,,295.0,13.7,,1011.0,
2022-07-08,22.0,16.2,28.0,0.0,,308.0,7.8,,1011.7,
2022-07-09,20.4,15.0,27.0,5.0,,337.0,7.2,,1007.7,
2022-07-10,18.6,14.5,23.1,2.3,,308.0,11.6,,1007.7,
2022-07-11,19.5,13.8,26.0,0.0,,317.0,8.5,,1014.1,
2022-07-12,20.1,11.0,28.0,0.2,,324.0,7.2,,1016.1,
2022-07-13,19.4,15.0,24.8,0.0,,284.0,13.1,,1015.3,
2022-07-14,20.4,13.4,28.0,0.0,,302.0,8.6,,1015.3,
2022-07-15,20.4,11.4,28.0,0.0,,305.0,9.4,,1012.8,
2022-07-16,20.9,11.9,28.1,0.0,,299.0,9.4,,1014.3,
2022-07-17,21.3,11.7,29.5,0.0,,330.0,8.9,,1016.7,
2022-07-18,21.0,14.5,26.8,0.0,,358.0,13.1,,1017.9,
2022-07-19,19.4,12.1,27.0,0.0,,307.0,9.5,,1017.6,
2022-07-20,20.0,14.0,26.0,0.0,,284.0,13.1,,1015.9,
2022-07-21,20.3,12.4,28.0,0.0,,301.0,12.3,,1014.6,
2022-07-22,20.6,12.8,27.5,0.0,,306.0,10.3,,1015.7,
2022-07-23,21.7,11.4,29.0,0.0,,325.0,11.2,,1016.8,
2022-07-24,21.2,9.4,30.3,0.0,,335.0,6.6,,1015.2,
2022-07-25,20.9,9.0,31.0,0.0,,328.0,7.0,,1012.8,
2022-07-26,22.7,16.0,30.0,0.0,,296.0,8.4,,1011.5,
2022-07-27,22.5,10.9,32.0,0.0,,343.0,3.5,,1011.0,
2022-07-28,24.2,12.3,35.0,0.0,,7.0,4.0,,1011.7,
2022-07-29,25.2,15.6,35.0,0.0,,338.0,5.4,,1012.4,
2022-07-30,24.2,16.3,33.0,0.0,,271.0,12.7,,1011.5,
2022-07-31,23.8,14.5,31.7,0.0,,297.0,11.5,,1009.3,
2022-08-01,23.2,17.1,29.0,0.0,,304.0,12.1,,1009.7,
2022-08-02,22.6,16.0,29.0,0.0,,295.0,11.5,,1011.5,
2022-08-03,22.6,15.6,30.2,0.0,,308.0,7.7,,1012.6,
2022-08-04,23.3,17.0,31.9,0.2,,290.0,9.9,,1012.7,
2022-08-05,23.5,18.0,30.2,0.1,,285.0,10.6,,1011.8,
2022-08-06,23.1,18.0,31.0,1.3,,287.0,11.8,,1009.1,
2022-08-07,22.6,17.0,29.0,0.0,,320.0,6.1,,1008.3,
2022-08-08,22.4,18.0,30.2,4.9,,317.0,5.0,,1010.6,
2022-08-09,22.9,19.0,29.0,2.5,,292.0,9.8,,1011.2,
2022-08-10,22.4,18.0,27.4,0.3,,292.0,12.8,,1010.6,
2022-08-11,22.2,18.0,27.7,0.0,,308.0,9.4,,1012.2,
2022-08-12,22.2,15.7,30.0,0.0,,290.0,7.6,,1012.9,
2022-08-13,21.5,15.1,31.0,1.8,,354.0,7.6,,1009.8,
2022-08-14,20.8,14.0,30.0,0.1,,342.0,3.4,,1007.3,
2022-08-15,21.0,18.0,26.4,6.2,,321.0,5.8,,1008.0,
2022-08-16,21.2,12.0,29.0,0.0,,340.0,3.7,,1013.2,
2022-08-17,22.9,13.8,31.0,0.0,,336.0,5.3,,1012.0,
2022-08-18,23.3,13.5,31.0,0.0,,313.0,8.4,,1011.6,
2022-08-19,22.6,16.0,28.3,0.0,,302.0,12.1,,1011.3,
2022-08-20,23.0,16.7,31.0,0.0,,299.0,5.8,,1010.4,
2022-08-21,24.1,14.8,33.0,0.0,,352.0,7.0,,1006.9,
2022-08-22,24.1,17.0,32.0,0.2,,339.0,5.5,,1006.9,
2022-08-23,24.3,14.0,34.0,0.0,,9.0,6.1,,1009.5,
2022-08-24,22.8,16.0,32.0,4.0,,327.0,5.4,,1009.2,
2022-08-25,20.0,13.0,27.0,1.0,,297.0,8.9,,1009.8,
2022-08-26,19.3,14.8,28.0,6.5,,323.0,4.6,,1009.6,
2022-08-27,21.0,14.0,29.0,0.1,,322.0,6.2,,1012.2,
2022-08-28,23.0,16.0,30.2,1.7,,288.0,8.6,,1013.6,
2022-08-29,24.0,15.0,33.0,0.0,,10.0,6.7,,1014.5,
2022-08-30,24.4,16.0,33.0,0.0,,325.0,7.1,,1012.4,
2022-08-31,23.4,19.0,30.2,1.6,,277.0,13.1,,1011.7,
2022-09-01,22.6,17.9,29.1,0.5,,276.0,10.5,,1011.2,
2022-09-02,23.3,15.6,31.2,0.0,,287.0,8.4,,1011.7,
2022-09-03,23.7,18.0,30.0,0.1,,277.0,13.5,,1013.4,
2022-09-04,21.6,17.0,27.2,0.0,,304.0,9.4,,1017.9,
2022-09-05,19.2,14.0,26.0,0.2,,311.0,11.4,,1017.2,
2022-09-06,16.9,10.7,24.0,0.0,,299.0,8.0,,1017.5,
2022-09-07,17.0,10.7,22.4,0.0,,353.0,6.8,,1017.9,
2022-09-08,17.3,7.0,26.0,0.0,,358.0,6.1,,1018.6,
2022-09-09,18.5,8.0,28.3,0.0,,22.0,3.2,,1018.1,
2022-09-10,19.7,9.0,31.0,0.0,,330.0,3.2,,1015.8,
2022-09-11,21.4,11.0,31.1,0.0,,309.0,7.1,,1011.8,
2022-09-12,18.9,14.0,25.0,1.8,,299.0,11.6,,1009.1,
2022-09-13,15.7,7.9,22.7,0.0,,303.0,9.5,,1011.6,
2022-09-14,15.1,6.0,24.0,0.0,,332.0,2.7,,1016.3,
2022-09-15,17.3,5.0,30.0,0.0,,354.0,2.9,,1017.0,
2022-09-16,21.7,10.0,33.0,0.0,,339.0,3.9,,1014.0,
2022-09-17,22.9,11.0,35.0,0.0,,350.0,4.1,,1009.6,
2022-09-18,21.5,10.0,33.0,0.0,,297.0,8.9,,1008.6,
2022-09-19,18.7,13.0,25.0,0.0,,260.0,11.0,,1013.1,
2022-09-20,15.8,8.0,23.0,0.0,,295.0,9.7,,1012.9,
2022-09-21,14.7,10.0,21.0,0.0,,272.0,10.0,,1013.1,
2022-09-22,11.3,8.0,15.0,0.0,,269.0,16.2,,1012.9,
2022-09-23,10.7,3.0,18.0,0.0,,298.0,8.5,,1016.6,
2022-09-24,11.6,3.8,18.6,0.0,,282.0,9.5,,1020.1,
2022-09-25,12.0,1.0,24.0,0.0,,28.0,4.7,,1021.2,
2022-09-26,13.8,1.0,28.0,0.0,,30.0,4.6,,1017.9,
2022-09-27,17.7,6.2,29.5,0.0,,239.0,8.2,,1011.7,
2022-09-28,19.3,13.0,24.7,2.2,,245.0,9.1,,1010.6,
2022-09-29,17.5,11.0,27.0,0.4,,62.0,7.6,,1014.2,
2022-09-30,18.3,8.6,28.1,0.0,,331.0,3.1,,1019.0,
2022-10-01,19.3,10.0,30.0,0.0,,305.0,4.2,,1022.3,
2022-10-02,16.8,12.0,27.0,0.8,,351.0,12.6,,1014.1,
2022-10-03,14.4,6.0,21.0,0.0,,285.0,7.7,,1013.7,
2022-10-04,13.2,9.0,18.0,0.5,,280.0,10.8,,1016.5,
2022-10-05,13.0,8.5,19.0,0.0,,290.0,12.1,,1023.0,
2022-10-06,12.8,4.0,20.0,0.1,,19.0,6.0,,1023.1,
2022-10-07,12.1,7.0,15.0,4.2,,338.0,3.0,,1019.6,
2022-10-08,11.6,9.0,14.0,7.1,,263.0,9.2,,1016.6,
2022-10-09,12.7,11.0,16.3,0.0,,282.0,12.3,,1019.6,
2022-10-10,12.7,5.0,20.0,0.0,,316.0,3.0,,1023.9,
2022-10-11,12.3,3.0,22.0,0.0,,35.0,5.1,,1022.4,
2022-10-12,12.5,6.0,20.0,0.2,,319.0,3.6,,1019.5,
2022-10-13,13.4,7.0,21.0,0.0,,271.0,8.1,,1019.4,
2022-10-14,12.2,5.0,19.0,2.0,,68.0,10.2,,1015.7,
2022-10-15,13.0,11.0,17.0,7.1,,55.0,7.2,,1013.8,
2022-10-16,12.4,11.0,14.0,18.0,,288.0,6.1,,1019.0,
2022-10-17,13.4,12.0,15.0,0.6,,339.0,9.3,,1024.6,
2022-10-18,13.7,11.0,18.0,0.0,,299.0,5.5,,1024.7,
2022-10-19,12.1,5.7,20.0,0.0,,326.0,3.0,,1017.6,
2022-10-20,13.7,11.0,18.0,0.1,,291.0,12.5,,1018.3,
2022-10-21,8.8,3.0,15.0,0.0,,291.0,7.8,,1023.6,
2022-10-22,5.8,-2.0,15.0,0.0,,84.0,7.3,,1026.8,
2022-10-23,8.0,-0.2,19.0,0.0,,33.0,3.0,,1024.7,
2022-10-24,9.9,1.0,20.0,0.0,,4.0,1.0,,1024.2,
2022-10-25,8.9,0.0,19.0,0.0,,46.0,3.1,,1022.2,
2022-10-26,9.5,-1.0,21.0,0.0,,323.0,3.0,,1022.1,
2022-10-27,11.0,3.0,19.0,0.0,,345.0,3.9,,1025.4,
2022-10-28,9.0,0.0,17.3,0.0,,3.0,3.9,,1026.5,
2022-10-29,6.6,-2.0,16.0,0.0,,15.0,2.6,,1024.7,
2022-10-30,6.1,-2.1,17.0,0.0,,24.0,2.2,,1021.8,
2022-10-31,7.3,-3.0,19.0,0.0,,323.0,4.2,,1020.8,
2022-11-01,10.0,1.0,18.0,0.0,,286.0,8.5,,1022.5,
2022-11-02,7.7,-1.0,20.0,0.0,,339.0,1.1,,1022.1,
2022-11-03,9.9,0.0,21.0,0.0,,317.0,6.2,,1021.4,
2022-11-04,10.2,1.0,21.0,0.0,,347.0,2.8,,1019.0,
2022-11-05,9.8,0.0,21.0,0.0,,41.0,4.7,,1019.0,
2022-11-06,11.4,1.0,20.0,0.0,,65.0,7.7,,1017.5,
2022-11-07,9.9,2.0,17.1,0.0,,317.0,6.3,,1015.4,
2022-11-08,9.3,6.0,13.0,0.0,,258.0,10.4,,1019.0,
2022-11-09,7.0,-1.0,15.0,0.0,,291.0,6.7,,1021.7,
2022-11-10,4.1,-4.0,16.0,0.0,,3.0,0.5,,1024.1,
2022-11-11,5.1,-4.0,17.0,0.0,,2.0,1.1,,1026.5,
2022-11-12,5.8,-2.0,15.2,0.0,,64.0,7.4,,1027.8,
2022-11-13,4.9,-3.0,17.0,0.0,,357.0,0.8,,1029.5,
2022-11-14,3.6,-4.0,14.0,0.0,,349.0,1.1,,1024.7,
2022-11-15,3.7,-4.0,14.0,0.0,,43.0,4.2,,1020.2,
2022-11-16,4.1,-4.0,14.4,0.0,,23.0,2.5,,1013.7,
2022-11-17,8.7,1.0,16.0,0.0,,108.0,10.5,,1011.6,
2022-11-18,12.8,9.0,18.0,0.0,,109.0,7.8,,1012.5,
2022-11-19,12.6,7.8,20.0,0.0,,92.0,8.2,,1018.3,
2022-11-20,12.3,8.0,17.4,0.0,,76.0,10.7,,1021.8,
2022-11-21,14.2,11.0,20.0,0.0,,108.0,13.9,,1015.1,
2022-11-22,11.3,5.0,15.3,0.0,,224.0,10.5,,1013.9,
2022-11-23,8.9,4.0,16.0,1.8,,96.0,13.1,,1013.3,
2022-11-24,8.7,7.7,10.0,8.8,,47.0,10.0,,1008.6,
2022-11-25,7.1,5.0,9.0,0.5,,275.0,12.8,,1011.6,
2022-11-26,5.6,4.0,8.0,0.0,,310.0,8.8,,1021.3,
2022-11-27,4.6,1.9,9.0,0.0,,37.0,4.6,,1022.4,
2022-11-28,4.6,0.0,9.0,0.0,,84.0,10.0,,1018.1,
2022-11-29,5.9,2.9,10.0,1.0,,82.0,11.9,,1016.0,
2022-11-30,7.5,2.0,13.3,0.0,,83.0,9.2,,1017.6,
2022-12-01,9.3,6.1,14.1,3.6,,71.0,12.2,,1018.3,
2022-12-02,5.7,0.0,11.0,0.4,,43.0,3.9,,1021.2,
2022-12-03,6.6,0.9,12.1,0.0,,12.0,2.3,,1024.1,
2022-12-04,5.6,2.0,11.0,0.0,,0.0,1.7,,1024.7,
2022-12-05,4.0,0.0,9.0,0.0,,22.0,2.6,,1023.9,
2022-12-06,2.8,-2.0,9.0,0.0,,42.0,3.7,,1021.6,
2022-12-07,2.7,-2.3,10.0,0.0,,50.0,5.2,,1018.6,
2022-12-08,2.1,-5.0,10.0,0.0,,38.0,5.4,,1021.5,
2022-12-09,7.2,4.0,12.2,0.0,,85.0,9.2,,1021.9,
2022-12-10,7.4,4.0,10.2,0.4,,77.0,13.1,,1018.6,
2022-12-11,10.6,9.0,15.0,2.3,,88.0,16.0,,1011.1,
2022-12-12,10.8,8.0,13.1,0.2,,140.0,6.9,,1009.1,
2022-12-13,8.6,5.0,15.0,9.6,,257.0,5.9,,1010.0,
2022-12-14,6.1,4.0,10.0,0.9,,238.0,6.6,,1013.8,
2022-12-15,7.9,5.0,11.0,0.0,,69.0,10.6,,1017.1,
2022-12-16,10.1,6.8,15.0,0.0,,78.0,8.4,,1022.6,
2022-12-17,7.8,3.6,12.0,0.0,,95.0,9.0,,1024.4,
2022-12-18,5.1,2.8,7.1,0.0,,33.0,5.7,,1027.2,
2022-12-19,5.4,1.0,7.0,0.0,,295.0,11.9,,1029.0,
2022-12-20,2.0,-3.0,6.0,0.0,,3.0,5.0,,1027.7,
2022-12-21,-1.4,-6.0,4.4,0.0,,66.0,6.4,,1024.5,
2022-12-22,1.8,-1.1,3.0,0.0,,94.0,13.8,,1021.9,
2022-12-23,2.4,1.5,3.1,0.0,,102.0,10.2,,1018.9,
2022-12-24,2.9,2.0,5.0,0.0,,75.0,9.7,,1017.7,
2022-12-25,3.5,1.9,5.0,0.4,,334.0,4.3,,1020.8,
2022-12-26,3.7,-3.0,7.0,0.2,,295.0,10.1,,1026.9,
2022-12-27,0.0,-5.0,7.0,0.0,,57.0,6.8,,1027.7,
2022-12-28,3.0,-2.6,10.0,0.2,,5.0,1.3,,1027.7,
2022-12-29,3.3,-2.0,10.0,0.0,,69.0,7.3,,1028.2,
2022-12-30,1.7,-4.0,8.0,0.0,,66.0,6.8,,1029.8,
2022-12-31,2.0,-3.0,7.0,0.0,,28.0,2.8,,1031.2,
2023-01-01,1.1,-4.1,9.0,0.0,,40.0,4.3,,1033.2,
2023-01-02,0.5,-5.3,8.0,0.0,,80.0,6.7,,1033.0,
2023-01-03,-1.3,-8.0,8.0,0.0,,65.0,5.1,,1029.9,
2023-01-04,0.1,-8.0,12.0,0.0,,328.0,4.1,,1025.8,
2023-01-05,0.1,-3.0,4.0,0.0,,42.0,6.5,,1022.7,
2023-01-06,-1.0,-6.4,5.8,0.0,,332.0,3.1,,1021.9,
2023-01-07,-2.0,-6.5,0.5,0.0,,51.0,8.5,,1025.4,
2023-01-08,-2.4,-3.2,-1.7,0.0,,73.0,10.3,,1024.7,
2023-01-09,-2.0,-3.0,-1.0,0.0,,83.0,14.6,,1025.0,
2023-01-10,0.1,-3.0,3.0,0.0,,94.0,18.5,,1021.5,
2023-01-11,5.5,3.0,8.0,5.0,,71.0,16.9,,1016.7,
2023-01-12,7.0,5.9,10.0,7.0,,93.0,12.0,,1016.7,
2023-01-13,4.8,1.0,8.0,0.0,,82.0,7.7,,1017.5,
2023-01-14,1.8,-3.0,9.0,0.0,,68.0,4.4,,1018.8,
2023-01-15,0.7,-5.0,9.0,0.0,,57.0,4.8,,1019.8,
2023-01-16,1.4,-5.0,9.0,0.0,,67.0,7.7,,1017.0,
2023-01-17,4.8,-1.0,12.0,0.0,,98.0,9.6,,1016.8,
2023-01-18,8.8,4.0,15.0,0.0,,121.0,9.6,,1018.3,
2023-01-19,7.7,3.0,15.0,0.0,,84.0,13.3,,1021.4,
2023-01-20,6.6,1.0,14.0,0.0,,107.0,12.9,,1016.5,
2023-01-21,7.4,2.5,15.0,0.0,,79.0,11.0,,1019.2,
2023-01-22,4.5,-3.0,12.1,0.0,,41.0,2.7,,1022.6,
2023-01-23,3.2,-4.0,13.0,0.0,,355.0,1.8,,1024.9,
2023-01-24,1.8,-1.3,8.4,0.0,,318.0,5.9,,1026.0,
2023-01-25,3.1,-0.4,6.0,0.0,,334.0,5.3,,1024.8,
2023-01-26,2.0,-4.0,7.0,1.6,,73.0,13.3,,1020.9,
2023-01-27,6.3,3.2,12.0,6.2,,84.0,19.0,,1010.4,
2023-01-28,3.4,0.0,7.0,2.2,,38.0,8.2,,1010.6,
2023-01-29,2.2,0.0,4.1,0.6,,278.0,10.1,,1015.4,
2023-01-30,-0.1,-2.0,2.0,0.1,,351.0,4.1,,1013.9,
2023-01-31,-1.1,-3.4,1.0,3.4,,275.0,10.6,,1009.3,
2023-02-01,-1.2,-3.0,1.0,0.6,,272.0,13.8,,1013.9,
2023-02-02,-1.8,-7.0,4.4,0.0,,307.0,5.0,,1019.0,
2023-02-03,-1.6,-4.2,1.0,3.0,,3.0,4.9,,1020.6,
2023-02-04,-5.0,-11.0,-2.4,0.6,,37.0,6.8,,1016.4,
2023-02-05,-2.3,-5.0,0.0,0.0,,39.0,5.6,,1010.2,
2023-02-06,0.0,-1.0,2.0,0.8,,276.0,17.6,,1009.6,
2023-02-07,-2.2,-4.2,-0.9,0.0,,295.0,18.2,,1020.7,
2023-02-08,-3.1,-4.3,-1.0,0.0,,276.0,13.8,,1027.8,
2023-02-09,-1.5,-4.0,0.1,0.6,,283.0,10.1,,1030.2,
2023-02-10,-1.9,-8.0,1.2,0.0,,8.0,3.5,,1031.5,
2023-02-11,-1.2,-5.0,1.0,0.0,,80.0,5.4,,1029.1,
2023-02-12,-4.5,-11.0,1.0,0.0,,352.0,4.0,,1027.1,
2023-02-13,-0.4,-5.0,5.0,0.0,,287.0,8.8,,1031.1,
2023-02-14,-2.7,-10.0,4.0,0.0,,307.0,6.6,,1026.5,
2023-02-15,-0.3,-1.0,1.4,0.1,,277.0,15.2,,1025.5,
2023-02-16,-1.5,-6.2,2.3,0.0,,303.0,5.5,,1029.7,
2023-02-17,-0.8,-7.0,9.0,0.0,,58.0,4.8,,1029.0,
2023-02-18,2.0,-7.0,12.0,0.0,,330.0,6.7,,1025.7,
2023-02-19,7.2,0.0,15.0,0.0,,286.0,9.1,,1021.7,
2023-02-20,2.9,-1.0,7.3,1.9,,274.0,7.3,,1020.3,
2023-02-21,3.3,-4.0,13.0,0.0,,307.0,4.5,,1020.3,
2023-02-22,5.4,-3.0,16.0,0.0,,351.0,3.7,,1017.1,
2023-02-23,5.7,-3.0,15.0,0.0,,340.0,2.6,,1017.0,
2023-02-24,6.0,-3.0,15.0,0.0,,39.0,6.0,,1017.2,
2023-02-25,6.9,-1.0,17.0,0.0,,344.0,7.3,,1015.7,
2023-02-26,8.5,2.0,16.0,0.0,,116.0,10.6,,1017.9,
2023-02-27,10.8,6.5,17.0,2.7,,70.0,15.1,,1022.1,
2023-02-28,12.7,8.0,17.0,7.3,,66.0,8.2,,1024.2,
2023-03-01,12.9,8.0,20.0,1.1,,78.0,9.5,,1019.0,
2023-03-02,8.2,4.0,15.0,0.0,,256.0,12.0,,1015.9,
2023-03-03,7.8,4.0,15.6,14.7,,261.0,11.5,,1014.5,
2023-03-04,5.6,-1.1,13.3,0.0,,284.0,6.0,,1016.8,
2023-03-05,7.0,5.0,11.0,9.4,,75.0,6.7,,1010.5,
2023-03-06,5.5,2.0,10.0,5.8,,271.0,8.0,,1012.1,
2023-03-07,6.1,-0.3,13.0,0.0,,148.0,7.0,,1014.8,
2023-03-08,9.3,4.0,14.0,0.2,,342.0,9.0,,1014.3,
2023-03-09,8.3,1.0,14.0,0.0,,125.0,9.6,,1013.7,
2023-03-10,9.2,1.0,15.0,0.0,,286.0,6.8,,1012.8,
2023-03-11,10.0,6.0,16.0,14.1,,149.0,11.0,,1006.2,
2023-03-12,6.5,3.9,8.3,18.2,,296.0,7.9,,1006.9,
2023-03-13,4.4,2.3,7.3,0.3,,316.0,15.2,,1013.9,
2023-03-14,4.0,2.0,7.0,0.3,,132.0,6.9,,1013.9,
2023-03-15,7.1,-2.0,15.0,0.0,,94.0,9.2,,1008.1,
2023-03-16,6.3,3.0,9.0,10.3,,38.0,6.5,,1008.1,
2023-03-17,4.8,3.4,6.0,6.0,,318.0,9.0,,1012.3,
2023-03-18,4.7,3.0,7.1,0.2,,284.0,14.9,,1015.0,
2023-03-19,5.5,4.0,7.0,3.4,,284.0,17.6,,1015.1,
2023-03-20,8.2,4.0,15.0,0.0,,276.0,15.3,,1017.6,
2023-03-21,7.8,-2.0,17.6,0.0,,313.0,3.0,,1014.9,
2023-03-22,8.3,5.0,12.0,4.6,,70.0,6.1,,1012.0,
2023-03-23,7.0,5.7,9.0,1.1,,262.0,10.8,,1014.6,
2023-03-24,6.2,0.0,14.0,0.0,,349.0,1.8,,1016.7,
2023-03-25,7.9,-1.0,17.0,0.0,,38.0,3.0,,1012.9,
2023-03-26,8.6,1.4,17.0,2.7,,310.0,6.0,,1010.3,
2023-03-27,9.8,1.0,21.0,0.0,,70.0,10.3,,1009.2,
2023-03-28,8.2,3.0,14.4,7.6,,247.0,15.5,,1005.4,
2023-03-29,0.7,-2.0,3.4,3.6,,281.0,19.4,,1015.0,
2023-03-30,-1.6,-7.0,3.0,0.8,,295.0,11.2,,1022.4,
2023-03-31,2.4,-7.7,11.0,0.0,,342.0,2.7,,1018.7,
2023-04-01,10.0,-0.7,18.0,0.0,,122.0,8.6,,1012.1,
2023-04-02,12.9,10.0,17.0,0.5,,252.0,12.5,,1010.6,
2023-04-03,14.1,9.0,21.0,3.6,,97.0,8.4,,1011.0,
2023-04-04,11.5,7.0,20.0,1.6,,93.0,17.5,,1006.3,
2023-04-05,8.7,6.0,13.0,6.1,,263.0,8.0,,1009.2,
2023-04-06,7.5,3.0,12.0,3.2,,228.0,8.9,,1011.7,
2023-04-07,6.7,3.0,11.0,0.5,,282.0,11.0,,1013.4,
2023-04-08,6.4,-1.6,14.0,0.0,,62.0,9.5,,1019.0,
2023-04-09,10.2,3.0,16.0,0.0,,71.0,9.3,,1016.4,
2023-04-10,8.5,6.0,11.7,10.9,,323.0,8.6,,1009.5,
2023-04-11,7.0,5.0,11.0,1.0,,269.0,11.3,,1005.9,
2023-04-12,6.7,2.6,9.4,2.3,,268.0,12.2,,1005.0,
2023-04-13,8.4,5.0,14.0,0.7,,274.0,11.1,,1011.3,
2023-04-14,10.6,-0.2,21.1,0.0,,190.0,9.1,,1014.6,
2023-04-15,13.8,7.0,20.1,1.4,,57.0,9.9,,1015.7,
2023-04-16,13.8,8.7,19.2,5.9,,83.0,8.0,,1014.1,
2023-04-17,12.9,9.0,19.0,4.2,,87.0,10.0,,1012.4,
2023-04-18,13.4,5.0,19.0,6.6,,127.0,10.8,,1012.0,
2023-04-19,11.3,5.0,17.0,0.5,,300.0,7.9,,1009.7,
2023-04-20,9.5,6.0,14.0,3.9,,269.0,11.9,,1010.9,
2023-04-21,9.2,0.8,16.0,0.8,,275.0,7.0,,1011.9,
2023-04-22,9.7,2.3,16.1,0.3,,331.0,4.9,,1013.8,
2023-04-23,9.6,6.0,15.0,6.5,,283.0,7.6,,1014.1,
2023-04-24,9.4,1.0,17.0,0.0,,282.0,9.0,,1014.6,
2023-04-25,10.4,0.8,20.0,1.4,,61.0,7.3,,1012.2,
2023-04-26,13.1,8.0,19.0,5.3,,160.0,10.0,,1008.1,
2023-04-27,8.9,6.0,12.0,5.2,,288.0,10.4,,1008.5,
2023-04-28,5.5,3.7,7.3,0.4,,289.0,17.9,,1015.4,
2023-04-29,4.9,2.0,7.6,0.3,,282.0,11.6,,1015.0,
2023-04-30,8.0,0.7,14.0,0.0,,297.0,11.8,,1014.6,
2023-05-01,9.2,-0.7,18.0,0.0,,329.0,4.1,,1018.8,
2023-05-02,11.3,1.1,20.0,0.0,,30.0,3.3,,1022.0,
2023-05-03,14.0,2.4,23.0,0.0,,87.0,9.3,,1022.4,
2023-05-04,13.8,10.2,18.0,13.4,,70.0,7.1,,1020.2,
2023-05-05,12.7,8.0,19.0,1.0,,324.0,5.5,,1014.1,
2023-05-06,12.6,9.0,17.0,14.0,,271.0,17.5,,1009.2,
2023-05-07,11.7,8.0,16.0,0.1,,298.0,15.6,,1014.7,
2023-05-08,13.2,5.0,20.2,0.0,,256.0,7.4,,1017.1,
2023-05-09,12.0,5.1,20.0,0.0,,272.0,12.3,,1016.7,
2023-05-10,10.8,7.6,17.4,0.9,,266.0,9.3,,1016.6,
2023-05-11,11.7,5.4,18.0,0.0,,335.0,5.4,,1016.3,
2023-05-12,12.4,10.0,17.0,9.6,,274.0,12.6,,1015.3,
2023-05-13,11.1,8.3,16.0,0.0,,269.0,16.2,,1020.3,
2023-05-14,13.3,4.7,21.3,0.0,,269.0,8.7,,1021.9,
2023-05-15,17.0,9.0,25.0,0.0,,321.0,4.2,,1018.0,
2023-05-16,19.0,8.6,27.7,0.0,,61.0,3.3,,1014.3,
2023-05-17,15.4,10.8,22.0,7.0,,339.0,9.4,,1010.2,
2023-05-18,12.9,10.4,18.0,9.0,,278.0,10.2,,1009.6,
2023-05-19,12.0,10.0,14.2,2.2,,268.0,13.5,,1012.8,
2023-05-20,13.2,9.0,17.5,0.5,,275.0,12.0,,1012.9,
2023-05-21,14.4,7.0,21.0,0.9,,269.0,7.8,,1010.1,
2023-05-22,15.5,11.0,20.7,0.8,,309.0,7.3,,1008.6,
2023-05-23,12.9,10.0,16.1,1.2,,264.0,8.9,,1010.5,
2023-05-24,13.7,11.0,19.0,6.3,,302.0,3.9,,1013.5,
2023-05-25,14.2,10.0,20.0,7.6,,316.0,3.4,,1014.6,
2023-05-26,16.3,12.0,21.5,1.3,,277.0,6.1,,1013.5,
2023-05-27,15.1,8.4,22.0,8.0,,20.0,5.6,,1012.0,
2023-05-28,15.7,12.0,21.0,6.1,,28.0,6.4,,1009.2,
2023-05-29,15.4,11.0,21.0,1.2,,293.0,6.0,,1009.0,
2023-05-30,15.5,12.9,19.0,3.8,,269.0,12.6,,1013.0,
2023-05-31,16.2,10.0,23.0,1.7,,287.0,6.3,,1016.0,
2023-06-01,16.0,12.0,21.4,2.4,,19.0,3.6,,1015.5,
2023-06-02,15.6,8.0,23.0,5.0,,47.0,4.4,,1013.3,
2023-06-03,15.9,12.0,21.2,11.2,,288.0,8.6,,1011.5,
2023-06-04,15.6,14.0,18.0,1.7,,289.0,14.0,,1016.1,
2023-06-05,17.1,14.3,20.0,0.0,,336.0,9.8,,1017.8,
2023-06-06,17.5,9.5,24.2,0.0,,343.0,5.2,,1018.1,
2023-06-07,19.5,11.4,26.1,0.0,,88.0,5.3,,1016.4,
2023-06-08,19.9,11.6,26.7,0.0,,30.0,8.4,,1013.4,
2023-06-09,18.3,13.0,25.0,5.1,,256.0,9.9,,1011.0,
2023-06-10,18.5,13.0,25.0,0.0,,267.0,9.3,,1009.2,
2023-06-11,17.8,10.0,24.0,0.1,,276.0,9.2,,1008.7,
2023-06-12,17.0,12.2,22.0,1.8,,275.0,12.7,,1009.1,
2023-06-13,16.8,13.0,21.0,2.7,,265.0,13.8,,1009.4,
2023-06-14,16.3,11.0,22.0,0.0,,267.0,14.5,,1012.3,
2023-06-15,19.7,11.4,27.0,0.0,,317.0,5.1,,1013.9,
2023-06-16,21.0,11.7,28.0,0.6,,14.0,3.6,,1009.7,
2023-06-17,19.6,14.0,28.0,10.0,,261.0,9.2,,1005.2,
2023-06-18,16.9,12.0,21.8,5.2,,294.0,8.7,,1009.0,
2023-06-19,17.7,15.0,22.0,5.4,,290.0,12.7,,1012.7,
2023-06-20,17.8,14.0,22.0,1.1,,275.0,14.6,,1016.2,
2023-06-21,18.5,14.0,23.0,0.3,,309.0,7.7,,1016.8,
2023-06-22,19.3,11.8,26.0,0.0,,302.0,7.2,,1018.2,
2023-06-23,20.5,11.1,27.1,0.0,,44.0,5.3,,1017.8,
2023-06-24,21.0,10.8,29.0,0.0,,58.0,4.3,,1016.1,
2023-06-25,21.7,11.1,30.5,0.0,,16.0,5.5,,1010.7,
2023-06-26,22.0,15.2,28.0,0.3,,278.0,14.7,,1009.5,
2023-06-27,20.9,14.3,27.0,0.1,,288.0,11.9,,1011.8,
2023-06-28,21.2,12.9,28.3,0.7,,319.0,7.6,,1012.0,
2023-06-29,19.3,9.7,26.3,0.2,,289.0,10.6,,1013.8,
2023-06-30,19.5,15.0,25.0,0.0,,286.0,11.9,,1014.4,
2023-07-01,19.2,7.7,29.0,0.0,,21.0,4.0,,1012.6,
2023-07-02,21.6,10.1,31.0,0.0,,333.0,5.2,,1011.1,
2023-07-03,22.9,12.9,32.0,0.9,,305.0,6.2,,1011.8,
2023-07-04,23.8,14.7,32.0,0.0,,318.0,5.9,,1013.3,
2023-07-05,25.3,15.2,34.0,0.8,,359.0,8.1,,1011.5,
2023-07-06,24.3,17.0,32.0,0.9,,337.0,4.9,,1009.3,
2023-07-07,24.3,20.3,31.0,1.1,,283.0,14.0,,1012.1,
2023-07-08,19.7,17.0,22.0,7.5,,274.0,15.4,,1013.7,
2023-07-09,15.9,14.8,17.0,1.7,,275.0,20.0,,1016.0,
2023-07-10,18.5,13.0,24.0,0.0,,299.0,14.6,,1018.6,
2023-07-11,18.8,8.4,27.2,0.0,,326.0,5.7,,1019.5,
2023-07-12,21.4,11.0,31.0,0.0,,321.0,6.1,,1019.8,
2023-07-13,23.8,13.0,33.0,0.0,,313.0,7.6,,1019.0,
2023-07-14,25.0,13.4,35.0,0.0,,5.0,7.4,,1016.3,
2023-07-15,24.9,16.5,32.2,0.0,,299.0,11.6,,1017.0,
2023-07-16,22.7,15.0,31.0,0.0,,294.0,9.8,,1016.8,
2023-07-17,22.1,12.5,31.0,0.0,,342.0,8.5,,1016.9,
2023-07-18,22.6,13.4,30.4,0.0,,302.0,9.6,,1014.2,
2023-07-19,23.3,12.9,32.0,0.0,,291.0,8.7,,1012.8,
2023-07-20,24.2,13.7,33.0,0.0,,308.0,6.6,,1011.6,
2023-07-21,24.9,15.1,32.0,0.0,,302.0,10.3,,1013.6,
2023-07-22,25.2,15.1,33.3,0.0,,294.0,8.6,,1016.5,
2023-07-23,24.7,13.1,36.0,0.0,,332.0,8.1,,1016.3,
2023-07-24,22.6,17.0,29.0,0.0,,285.0,15.4,,1015.3,
2023-07-25,22.6,11.2,31.0,0.0,,289.0,9.9,,1013.4,
2023-07-26,24.7,13.0,36.0,0.0,,50.0,3.9,,1010.6,
2023-07-27,23.8,15.0,36.1,0.0,,326.0,11.4,,1007.7,
2023-07-28,19.7,12.3,27.0,0.0,,271.0,10.8,,1015.5,
2023-07-29,21.0,12.0,30.0,0.0,,290.0,9.8,,1012.5,
2023-07-30,21.6,13.5,30.0,0.0,,283.0,11.0,,1011.1,
2023-07-31,21.3,10.4,30.8,0.0,,327.0,9.3,,1008.9,
2023-08-01,22.8,15.7,31.0,0.0,,261.0,14.0,,1009.5,
2023-08-02,23.8,14.3,33.0,0.0,,320.0,7.6,,1010.9,
2023-08-03,24.9,12.6,34.0,0.0,,289.0,6.8,,1013.1,
2023-08-04,25.4,14.3,35.0,0.0,,23.0,5.0,,1012.5,
2023-08-05,26.7,15.9,37.0,0.0,,37.0,6.7,,1009.3,
2023-08-06,27.2,17.0,37.3,0.0,,312.0,10.3,,1006.4,
2023-08-07,24.8,16.1,32.3,0.0,,297.0,9.4,,1009.9,
2023-08-08,23.8,17.0,31.3,0.0,,277.0,12.0,,1010.5,
2023-08-09,22.0,17.0,29.0,0.0,,277.0,9.8,,1013.0,
2023-08-10,22.2,17.6,29.0,0.0,,258.0,15.5,,1013.1,
2023-08-11,21.8,18.0,28.0,0.0,,285.0,15.2,,1015.6,
2023-08-12,21.9,13.6,31.0,0.0,,322.0,8.4,,1015.8,
2023-08-13,24.6,16.8,35.6,0.0,,249.0,12.2,,1014.0,
2023-08-14,25.8,18.0,38.0,0.0,,56.0,8.0,,1014.4,
2023-08-15,29.1,17.4,40.0,0.0,,40.0,8.0,,1013.3,
2023-08-16,28.2,17.6,39.0,0.0,,347.0,6.4,,1011.5,
2023-08-17,28.2,20.9,39.0,0.0,,296.0,10.0,,1010.9,
2023-08-18,27.8,18.9,38.0,0.3,,356.0,5.6,,1011.7,
2023-08-19,27.2,16.3,37.3,0.0,,19.0,8.4,,1011.7,
2023-08-20,25.4,19.0,33.0,0.0,,262.0,13.0,,1012.3,
2023-08-21,24.5,15.0,33.0,0.0,,272.0,10.0,,1013.8,
2023-08-22,24.8,14.0,33.0,0.0,,20.0,7.1,,1015.5,
2023-08-23,24.5,13.0,33.2,0.0,,41.0,5.7,,1015.3,
2023-08-24,24.4,14.7,34.0,0.0,,299.0,8.2,,1014.1,
2023-08-25,24.2,16.0,33.0,0.0,,293.0,7.5,,1013.8,
2023-08-26,23.6,13.5,33.0,0.0,,28.0,9.3,,1013.4,
2023-08-27,23.3,12.5,33.0,0.0,,338.0,8.5,,1009.8,
2023-08-28,22.3,17.0,29.0,0.0,,271.0,18.1,,1009.3,
2023-08-29,21.8,12.5,31.1,0.0,,35.0,5.0,,1008.6,
2023-08-30,23.5,12.0,33.0,0.0,,25.0,5.7,,1009.0,
2023-08-31,24.5,15.0,32.0,0.0,,303.0,9.9,,1012.4,
2023-09-01,23.2,18.0,29.2,0.0,,265.0,12.5,,1015.5,
2023-09-02,22.3,17.0,29.0,0.9,,278.0,11.4,,1015.8,
2023-09-03,20.5,17.1,25.0,1.9,,307.0,7.9,,1014.8,
2023-09-04,18.6,15.0,23.0,4.1,,324.0,7.0,,1011.9,
2023-09-05,20.6,12.0,28.2,0.5,,46.0,7.6,,1011.9,
2023-09-06,22.4,16.0,29.5,0.0,,271.0,10.1,,1015.4,
2023-09-07,22.0,16.0,30.0,0.0,,291.0,10.7,,1016.0,
2023-09-08,20.3,16.6,25.0,4.7,,273.0,10.5,,1015.7,
2023-09-09,19.6,14.0,27.0,0.0,,279.0,9.9,,1015.0,
2023-09-10,18.7,12.0,26.0,0.0,,285.0,10.2,,1014.9,
2023-09-11,17.4,10.0,25.0,0.0,,271.0,8.0,,1014.6,
2023-09-12,17.1,8.0,26.0,0.0,,288.0,8.2,,1016.5,
2023-09-13,16.7,6.0,26.0,0.0,,15.0,5.3,,1018.7,
2023-09-14,16.8,6.0,27.0,0.0,,339.0,4.7,,1018.0,
2023-09-15,17.3,6.0,28.0,0.0,,332.0,5.1,,1018.0,
2023-09-16,18.3,8.4,27.0,0.0,,318.0,5.8,,1018.3,
2023-09-17,17.6,8.0,26.0,0.0,,329.0,7.2,,1018.2,
2023-09-18,17.3,9.0,25.0,0.0,,289.0,7.3,,1016.5,
2023-09-19,16.4,7.0,26.2,0.0,,329.0,6.5,,1015.5,
2023-09-20,17.2,6.8,27.3,0.0,,294.0,8.1,,1016.8,
2023-09-21,17.4,7.0,28.0,0.0,,320.0,5.5,,1017.4,
2023-09-22,18.6,8.0,29.2,0.0,,304.0,4.8,,1019.0,
2023-09-23,19.9,9.0,29.4,0.0,,313.0,6.7,,1018.8,
2023-09-24,19.8,9.0,30.0,0.0,,13.0,3.5,,1016.1,
2023-09-25,20.0,8.0,31.0,0.0,,12.0,6.0,,1014.8,
2023-09-26,20.1,10.0,30.0,0.0,,311.0,6.9,,1014.3,
2023-09-27,17.8,9.0,27.7,1.7,,5.0,8.0,,1015.2,
2023-09-28,16.8,12.0,25.0,1.7,,279.0,5.7,,1017.1,
2023-09-29,17.1,11.0,23.9,0.1,,306.0,4.7,,1017.9,
2023-09-30,16.3,13.6,22.0,2.0,,268.0,6.7,,1015.7,
2023-10-01,16.3,14.0,21.0,1.3,,258.0,13.3,,1013.7,
2023-10-02,15.5,14.0,17.2,0.0,,281.0,11.4,,1018.1,
2023-10-03,14.9,10.1,20.0,0.0,,311.0,9.3,,1022.9,
2023-10-04,12.7,4.9,21.0,0.0,,17.0,3.7,,1023.6,
2023-10-05,12.4,4.0,22.1,0.0,,23.0,2.1,,1023.6,
2023-10-06,13.4,4.0,23.0,0.0,,318.0,4.3,,1021.5,
2023-10-07,14.8,8.0,23.0,0.0,,325.0,5.3,,1021.9,
2023-10-08,13.8,4.8,24.0,0.0,,330.0,3.6,,1018.7,
2023-10-09,12.8,7.0,18.0,0.0,,269.0,8.3,,1020.2,
2023-10-10,12.3,6.0,19.0,0.0,,285.0,8.8,,1019.8,
2023-10-11,12.9,6.0,20.0,0.0,,305.0,6.3,,1022.7,
2023-10-12,10.6,2.0,20.0,0.0,,37.0,4.3,,1023.5,
2023-10-13,11.5,1.0,23.0,0.0,,342.0,2.7,,1022.0,
2023-10-14,12.5,4.0,23.0,0.0,,34.0,4.8,,1018.2,
2023-10-15,13.2,4.0,24.0,0.0,,309.0,3.3,,1013.4,
2023-10-16,11.9,3.7,21.0,0.0,,306.0,7.5,,1015.2,
2023-10-17,12.6,7.0,20.0,0.0,,319.0,6.7,,1018.4,
2023-10-18,11.0,9.0,13.0,1.8,,277.0,8.1,,1015.7,
2023-10-19,11.3,8.0,17.0,0.0,,101.0,7.2,,1018.2,
2023-10-20,12.0,3.0,22.0,0.0,,61.0,6.6,,1018.3,
2023-10-21,13.8,4.0,27.0,0.0,,355.0,0.8,,1020.9,
2023-10-22,14.1,5.0,27.0,0.0,,19.0,1.9,,1021.8,
2023-10-23,14.0,5.0,27.0,0.0,,358.0,0.4,,1020.5,
2023-10-24,15.1,6.0,26.0,0.0,,336.0,1.9,,1018.2,
2023-10-25,13.5,4.0,25.0,0.0,,1.0,2.9,,1015.8,
2023-10-26,14.9,8.0,21.0,0.0,,23.0,4.8,,1014.8,
2023-10-27,17.1,7.0,26.1,0.0,,96.0,6.7,,1012.5,
2023-10-28,16.9,10.0,24.0,0.0,,247.0,7.1,,1014.0,
2023-10-29,14.5,7.0,23.0,0.0,,321.0,2.1,,1018.3,
2023-10-30,15.3,9.0,22.1,0.0,,31.0,4.9,,1020.0,
2023-10-31,14.4,6.0,25.0,0.0,,31.0,6.1,,1019.6,
2023-11-01,13.5,7.0,21.0,0.0,,8.0,4.7,,1017.4,
2023-11-02,10.1,4.0,17.0,5.4,,29.0,4.1,,1014.5,
2023-11-03,13.7,9.1,21.0,0.0,,91.0,7.5,,1013.5,
2023-11-04,16.7,8.9,26.0,0.0,,99.0,11.7,,1012.6,
2023-11-05,17.9,13.0,22.1,1.3,,195.0,10.5,,1011.7,
2023-11-06,16.1,9.0,22.1,0.0,,261.0,8.3,,1016.3,
2023-11-07,12.1,5.0,21.2,0.0,,31.0,2.6,,1022.7,
2023-11-08,11.0,4.0,21.0,0.0,,34.0,2.5,,1020.9,
2023-11-09,10.0,5.0,16.0,0.9,,305.0,6.2,,1019.6,
2023-11-10,10.4,5.8,18.0,0.0,,49.0,5.0,,1020.2,
2023-11-11,15.5,10.0,21.6,0.0,,123.0,13.6,,1014.9,
2023-11-12,12.7,10.0,16.6,8.7,,97.0,8.1,,1015.2,
2023-11-13,10.7,8.0,13.0,12.6,,78.0,11.1,,1015.5,
2023-11-14,9.9,4.6,14.2,0.1,,288.0,8.8,,1018.5,
2023-11-15,9.2,1.0,17.1,0.0,,90.0,8.2,,1015.9,
2023-11-16,7.6,3.4,10.7,6.2,,301.0,11.1,,1017.0,
2023-11-17,5.1,0.1,10.7,0.0,,100.0,9.3,,1020.1,
2023-11-18,5.9,2.7,11.9,31.7,,91.0,15.3,,1006.1,
2023-11-19,1.7,0.5,2.7,6.3,,267.0,23.8,,1010.1,
2023-11-20,3.4,-1.0,8.1,0.5,,282.0,12.2,,1017.1,
2023-11-21,5.8,1.4,12.3,0.0,,70.0,8.2,,1018.9,
2023-11-22,8.3,4.0,15.0,0.0,,90.0,12.8,,1018.5,
2023-11-23,9.7,6.1,15.0,0.0,,326.0,4.7,,1019.6,
2023-11-24,9.4,4.5,16.2,0.0,,189.0,7.6,,1011.8,
2023-11-25,8.8,5.8,12.0,5.9,,126.0,10.1,,1000.9,
2023-11-26,5.9,0.0,13.0,9.0,,229.0,21.2,,995.9,
2023-11-27,-0.5,-4.0,2.0,1.0,,251.0,13.6,,1015.5,
2023-11-28,0.5,-5.0,7.3,0.3,,75.0,14.0,,1017.5,
2023-11-29,10.6,5.0,15.0,0.6,,133.0,10.8,,1011.6,
2023-11-30,9.0,7.0,12.0,7.7,,85.0,8.7,,1018.1,
2023-12-01,9.7,5.0,17.0,0.0,,114.0,9.5,,1020.6,
2023-12-02,9.6,2.1,19.0,0.0,,92.0,6.9,,1019.1,
2023-12-03,9.1,3.9,15.5,0.0,,81.0,6.5,,1018.6,
2023-12-04,6.7,0.0,13.6,0.0,,5.0,3.4,,1020.0,
2023-12-05,7.5,4.0,11.3,0.0,,59.0,6.5,,1018.6,
2023-12-06,5.7,2.0,9.4,2.2,,51.0,5.0,,1013.1,
2023-12-07,7.7,3.0,12.0,1.2,,50.0,6.0,,1013.8,
2023-12-08,7.9,6.0,9.0,7.9,,36.0,6.0,,1010.8,
2023-12-09,4.9,3.0,6.0,13.7,,254.0,13.8,,1010.6,
2023-12-10,2.9,-2.0,6.0,0.0,,64.0,12.3,,1019.0,
2023-12-11,5.3,3.0,8.7,0.0,,80.0,8.3,,1017.1,
2023-12-12,5.5,2.1,8.0,0.0,,332.0,3.3,,1016.5,
2023-12-13,3.5,-2.0,10.0,0.0,,32.0,5.4,,1017.9,
2023-12-14,4.9,0.8,9.0,0.0,,80.0,12.2,,1017.7,
2023-12-15,7.1,1.0,15.0,0.0,,76.0,6.5,,1020.1,
2023-12-16,8.4,5.0,12.3,4.7,,79.0,10.8,,1021.6,
2023-12-17,3.2,-2.0,6.0,0.6,,278.0,10.4,,1031.5,
2023-12-18,-1.2,-6.0,6.0,0.0,,25.0,1.8,,1032.4,
2023-12-19,0.5,-5.2,8.4,0.0,,58.0,4.4,,1028.8,
2023-12-20,2.0,-2.6,9.0,0.0,,83.0,11.4,,1021.7,
2023-12-21,3.8,1.9,5.5,7.7,,82.0,12.1,,1010.7,
2023-12-22,6.5,4.0,11.0,3.9,,149.0,9.3,,1001.5,
2023-12-23,6.2,0.1,11.7,2.2,,246.0,16.1,,1005.7,
2023-12-24,7.5,2.0,11.3,1.6,,260.0,16.7,,1012.5,
2023-12-25,4.9,-1.0,13.0,0.0,,41.0,3.8,,1020.0,
2023-12-26,5.3,-1.0,13.7,0.0,,80.0,5.7,,1023.8,
2023-12-27,5.4,-3.0,13.2,0.0,,316.0,2.8,,1024.5,
2023-12-28,4.8,-1.3,12.0,0.0,,23.0,3.2,,1028.2,
2023-12-29,2.6,-3.3,10.0,0.0,,75.0,6.6,,1026.1,
2023-12-30,0.6,-3.4,8.0,0.0,,24.0,2.6,,1023.8,
2023-12-31,2.9,-2.0,9.2,0.0,,35.0,4.1,,1023.2,
2024-01-01,2.9,-1.0,7.0,0.0,,74.0,7.5,,1021.3,
2024-01-02,5.3,0.0,11.3,0.2,,356.0,2.8,,1017.8,
2024-01-03,8.2,3.8,12.0,0.0,,262.0,5.0,,1015.7,
2024-01-04,9.3,6.0,13.0,0.5,,268.0,4.5,,1012.2,
2024-01-05,7.3,0.0,12.0,2.2,,254.0,11.7,,1017.1,
2024-01-06,4.5,-0.1,9.7,0.0,,81.0,13.6,,1021.3,
2024-01-07,8.1,4.0,15.0,7.7,,111.0,14.8,,1011.1,
2024-01-08,8.4,5.0,13.0,0.4,,232.0,9.2,,1010.8,
2024-01-09,4.2,0.0,8.0,15.3,,65.0,10.6,,1012.9,
2024-01-10,1.1,0.0,2.4,6.9,,270.0,12.2,,1017.4,
2024-01-11,0.0,-1.0,2.0,0.0,,257.0,10.5,,1018.9,
2024-01-12,-0.5,-2.4,1.3,0.0,,298.0,9.5,,1014.3,
2024-01-13,-3.1,-7.0,-0.1,0.0,,278.0,8.9,,1016.3,
2024-01-14,-4.8,-11.0,2.0,0.0,,48.0,5.3,,1016.8,
2024-01-15,-1.5,-9.0,4.0,0.0,,71.0,8.1,,1015.8,
2024-01-16,6.6,4.0,9.0,6.8,,47.0,6.4,,1011.5,
2024-01-17,5.0,2.0,9.0,0.0,,31.0,2.8,,1018.9,
2024-01-18,4.9,2.0,7.0,1.4,,79.0,10.8,,1017.8,
2024-01-19,7.8,5.0,12.0,2.1,,84.0,6.7,,1014.2,
2024-01-20,6.0,1.9,9.1,5.0,,68.0,6.7,,1016.4,
2024-01-21,2.1,0.4,3.9,9.3,,285.0,13.4,,1021.6,
2024-01-22,1.0,-3.0,4.0,0.0,,21.0,5.9,,1027.1,
2024-01-23,-2.0,-6.0,3.2,0.0,,85.0,9.3,,1024.3,
2024-01-24,-2.4,-9.0,4.0,0.0,,56.0,4.1,,1024.0,
2024-01-25,-0.7,-7.0,4.0,0.1,,302.0,4.6,,1018.9,
2024-01-26,1.7,0.0,4.0,0.5,,267.0,12.0,,1017.1,
2024-01-27,0.7,-2.6,4.0,0.0,,276.0,8.4,,1020.0,
2024-01-28,0.0,-2.0,2.0,0.9,,282.0,11.8,,1023.8,
2024-01-29,-0.2,-2.0,3.0,0.0,,310.0,10.3,,1027.0,
2024-01-30,-0.5,-4.8,4.0,0.0,,12.0,7.4,,1026.8,
2024-01-31,-0.9,-7.0,6.0,0.0,,301.0,5.8,,1026.6,
2024-02-01,-1.5,-8.0,6.0,0.0,,356.0,1.9,,1024.7,
2024-02-02,-1.2,-8.0,7.7,0.0,,318.0,5.4,,1021.3,
2024-02-03,1.7,-4.0,7.0,0.0,,289.0,5.6,,1021.9,
2024-02-04,0.4,-6.4,8.0,0.0,,328.0,2.3,,1021.2,
2024-02-05,6.3,1.2,11.0,0.2,,264.0,12.4,,1019.5,
2024-02-06,7.0,-1.0,16.4,0.0,,290.0,8.8,,1021.0,
2024-02-07,6.7,-5.0,19.0,0.0,,84.0,7.3,,1018.3,
2024-02-08,7.4,0.0,15.0,0.0,,183.0,7.3,,1016.0,
2024-02-09,7.0,0.0,15.3,0.0,,88.0,4.0,,1015.0,
2024-02-10,6.6,-2.0,16.0,0.0,,89.0,7.2,,1017.1,
2024-02-11,9.3,3.8,16.0,0.0,,100.0,9.0,,1018.3,
2024-02-12,11.9,8.0,16.5,0.4,,121.0,12.9,,1013.9,
2024-02-13,8.0,5.0,10.0,8.5,,97.0,8.4,,1009.2,
2024-02-14,5.4,2.0,9.0,2.9,,344.0,7.9,,1009.1,
2024-02-15,5.1,3.4,7.0,5.0,,295.0,10.5,,1013.3,
2024-02-16,4.9,2.5,7.2,0.0,,293.0,7.6,,1018.2,
2024-02-17,4.8,3.9,7.0,0.0,,286.0,9.5,,1021.9,
2024-02-18,3.8,1.0,8.2,0.0,,270.0,14.0,,1024.5,
2024-02-19,3.1,0.0,9.0,0.0,,260.0,9.9,,1023.4,
2024-02-20,1.8,-3.0,9.0,0.0,,36.0,3.6,,1021.9,
2024-02-21,2.3,-3.0,9.0,0.0,,317.0,4.5,,1022.3,
2024-02-22,3.5,-4.0,10.1,0.0,,310.0,2.4,,1022.1,
2024-02-23,3.5,-6.0,13.0,0.0,,42.0,5.4,,1021.9,
2024-02-24,6.9,-2.0,16.0,0.0,,32.0,4.5,,1022.6,
2024-02-25,6.4,-3.0,15.5,0.0,,52.0,5.9,,1021.3,
2024-02-26,8.5,2.0,14.4,0.0,,65.0,6.0,,1013.9,
2024-02-27,8.5,0.5,17.0,0.0,,36.0,3.2,,1017.8,
2024-02-28,8.0,-1.0,18.0,0.0,,28.0,2.0,,1023.0,
2024-02-29,8.4,-1.0,19.0,0.0,,49.0,5.9,,1023.4,
2024-03-01,10.5,4.0,17.0,0.0,,83.0,10.7,,1017.3,
2024-03-02,10.1,4.0,17.0,2.4,,281.0,6.4,,1011.6,
2024-03-03,8.9,4.0,13.5,0.0,,265.0,7.6,,1013.2,
2024-03-04,7.8,1.0,15.0,0.1,,313.0,4.2,,1014.8,
2024-03-05,4.6,-1.3,12.0,8.5,,72.0,7.9,,1011.0,
2024-03-06,4.6,1.0,7.9,0.4,,291.0,10.0,,1013.3,
2024-03-07,5.1,-1.0,12.0,0.0,,302.0,4.2,,1017.7,
2024-03-08,4.1,0.0,10.0,4.5,,50.0,11.0,,1015.7,
2024-03-09,3.6,-0.3,6.9,0.0,,300.0,13.4,,1019.6,
2024-03-10,3.4,-4.0,10.8,0.0,,340.0,5.1,,1022.0,
2024-03-11,6.7,-2.7,15.7,0.0,,86.0,8.7,,1022.8,
2024-03-12,11.1,3.0,21.0,0.4,,104.0,14.2,,1017.0,
2024-03-13,9.1,5.0,12.8,3.0,,216.0,9.9,,1012.7,
2024-03-14,7.4,3.0,14.0,0.6,,355.0,3.4,,1013.8,
2024-03-15,5.7,1.0,11.4,1.8,,314.0,7.3,,1016.3,
2024-03-16,5.7,0.5,12.0,0.0,,270.0,7.4,,1019.2,
2024-03-17,5.9,-3.0,15.0,0.0,,327.0,3.3,,1018.1,
2024-03-18,6.4,-2.0,14.0,0.0,,316.0,6.0,,1013.8,
2024-03-19,7.2,-2.0,15.1,0.0,,293.0,8.8,,1011.1,
2024-03-20,6.3,2.0,11.0,2.4,,276.0,9.6,,1013.5,
2024-03-21,3.5,-1.0,9.0,0.0,,287.0,13.6,,1018.1,
2024-03-22,2.8,0.0,6.4,2.2,,284.0,14.4,,1015.1,
2024-03-23,4.1,-1.0,10.0,0.0,,285.0,9.1,,1016.2,
2024-03-24,4.8,-6.0,17.0,0.0,,324.0,3.9,,1012.0,
2024-03-25,5.4,-2.0,14.0,9.8,,269.0,13.1,,1006.8,
2024-03-26,5.5,-2.0,11.2,0.4,,288.0,4.6,,1015.8,
2024-03-27,10.8,5.6,20.0,1.1,,85.0,11.5,,1015.9,
2024-03-28,13.7,6.0,23.0,0.2,,86.0,13.2,,1016.5,
2024-03-29,14.8,7.0,23.0,0.0,,300.0,7.0,,1018.9,
2024-03-30,14.4,3.0,25.0,0.0,,76.0,10.3,,1021.7,
2024-03-31,15.9,4.0,26.0,0.0,,206.0,6.4,,1022.5,
2024-04-01,15.5,5.0,27.0,0.0,,269.0,4.8,,1021.5,
2024-04-02,16.1,5.0,27.9,0.0,,279.0,4.9,,1016.2,
2024-04-03,13.9,6.0,20.0,0.0,,295.0,8.1,,1015.0,
2024-04-04,12.8,3.0,23.0,0.0,,73.0,10.5,,1014.9,
2024-04-05,11.8,3.0,18.0,0.0,,296.0,12.3,,1019.1,
2024-04-06,10.9,2.0,18.0,0.0,,313.0,7.8,,1019.2,
2024-04-07,10.7,1.0,18.0,0.1,,339.0,11.4,,1015.1,
2024-04-08,10.8,4.8,16.0,0.0,,284.0,11.7,,1015.8,
2024-04-09,13.0,5.9,21.0,0.0,,272.0,15.1,,1014.7,
2024-04-10,14.4,8.0,22.0,0.0,,272.0,14.7,,1014.4,
2024-04-11,13.9,5.1,22.2,0.0,,280.0,10.1,,1019.1,
2024-04-12,12.8,8.0,17.0,0.0,,286.0,12.9,,1021.6,
2024-04-13,14.4,7.9,21.0,0.0,,283.0,14.2,,1021.2,
2024-04-14,13.7,6.0,20.1,0.0,,295.0,12.3,,1021.1,
2024-04-15,14.2,2.0,23.1,0.0,,74.0,5.4,,1020.8,
2024-04-16,17.5,6.0,29.0,0.0,,107.0,9.2,,1014.3,
2024-04-17,19.7,15.0,26.0,0.1,,109.0,8.4,,1006.6,
2024-04-18,17.7,10.0,24.0,0.0,,204.0,14.7,,1004.1,
2024-04-19,13.9,6.0,22.0,0.0,,274.0,7.1,,1009.5,
2024-04-20,10.5,5.7,15.2,5.0,,165.0,16.4,,1004.3,
2024-04-21,11.9,4.0,20.0,0.0,,247.0,7.3,,1013.1,
2024-04-22,13.1,3.7,23.0,0.0,,302.0,3.7,,1018.3,
2024-04-23,18.2,10.0,28.0,0.0,,94.0,10.5,,1017.4,
2024-04-24,23.7,18.0,29.0,0.0,,124.0,15.9,,1008.9,
2024-04-25,22.0,16.8,28.0,2.2,,140.0,12.3,,1005.1,
2024-04-26,16.8,10.9,23.9,0.0,,283.0,9.4,,1011.0,
2024-04-27,15.7,6.4,26.0,0.0,,338.0,7.7,,1014.2,
2024-04-28,14.1,11.0,20.2,1.2,,267.0,9.6,,1016.7,
2024-04-29,14.4,9.6,21.4,0.0,,268.0,10.9,,1018.5,
2024-04-30,15.8,7.0,24.0,0.5,,337.0,8.9,,1016.7,
2024-05-01,14.1,12.0,19.0,1.3,,267.0,12.4,,1014.4,
2024-05-02,12.9,11.0,17.0,0.0,,265.0,14.7,,1011.0,
2024-05-03,12.8,9.0,18.0,5.9,,256.0,8.9,,1008.7,
2024-05-04,10.1,4.9,15.0,2.2,,318.0,5.6,,1006.6,
2024-05-05,11.2,6.0,16.2,0.6,,317.0,17.6,,1011.2,
2024-05-06,10.3,1.5,19.0,0.0,,288.0,9.0,,1015.4,
2024-05-07,12.6,0.9,22.0,0.0,,286.0,8.3,,1015.8,
2024-05-08,15.2,4.0,24.3,0.0,,333.0,3.4,,1016.7,
2024-05-09,14.5,7.8,22.4,0.9,,345.0,6.7,,1014.3,
2024-05-10,15.4,8.3,23.0,7.1,,34.0,7.4,,1010.8,
2024-05-11,11.0,8.0,13.2,8.5,,277.0,17.0,,1009.2,
2024-05-12,10.1,7.7,13.0,0.0,,317.0,7.2,,1014.6,
2024-05-13,10.8,6.0,17.0,4.1,,286.0,12.1,,1014.9,
2024-05-14,8.4,-1.2,16.0,0.0,,289.0,6.9,,1016.4,
2024-05-15,11.4,1.4,19.5,0.0,,293.0,8.7,,1016.9,
2024-05-16,13.1,6.0,20.0,0.0,,270.0,11.3,,1019.9,
2024-05-17,17.3,9.0,27.0,2.0,,327.0,4.7,,1018.5,
2024-05-18,18.3,9.8,26.0,0.0,,298.0,9.8,,1016.6,
2024-05-19,17.7,9.0,25.1,0.0,,269.0,7.0,,1015.3,
2024-05-20,19.1,10.1,26.2,0.0,,287.0,9.9,,1013.0,
2024-05-21,19.3,10.4,27.1,0.0,,273.0,12.0,,1014.5,
2024-05-22,18.7,10.0,30.4,0.2,,22.0,5.2,,1013.3,
2024-05-23,16.3,13.0,23.3,12.9,,74.0,14.1,,1010.4,
2024-05-24,13.1,10.0,18.0,3.5,,279.0,17.5,,1013.0,
2024-05-25,15.6,10.0,22.0,0.8,,276.0,16.9,,1013.7,
2024-05-26,15.7,7.3,23.0,0.0,,312.0,9.1,,1013.6,
2024-05-27,15.1,10.4,20.2,0.0,,278.0,13.3,,1014.4,
2024-05-28,14.3,6.8,21.0,0.0,,268.0,11.1,,1013.9,
2024-05-29,16.4,7.2,24.0,0.0,,314.0,4.1,,1012.9,
2024-05-30,17.2,9.7,24.0,3.3,,273.0,5.6,,1012.1,
2024-05-31,17.6,9.4,25.3,0.4,,338.0,3.5,,1016.0,
2024-06-01,20.1,9.2,29.0,0.0,,349.0,2.5,,1019.9,
2024-06-02,22.3,11.5,31.1,0.0,,345.0,4.3,,1019.0,
2024-06-03,24.6,13.6,33.0,0.0,,357.0,3.3,,1016.8,
2024-06-04,24.1,14.8,34.0,0.2,,51.0,6.4,,1014.7,
2024-06-05,23.8,13.8,32.0,0.0,,312.0,6.1,,1015.1,
2024-06-06,24.0,14.9,33.2,0.7,,313.0,7.2,,1016.1,
2024-06-07,21.0,14.7,29.0,3.2,,285.0,6.0,,1016.0,
2024-06-08,19.8,14.1,27.0,1.3,,20.0,5.0,,1012.5,
2024-06-09,21.2,12.4,29.0,0.0,,11.0,3.5,,1012.2,
2024-06-10,22.7,11.2,32.0,0.0,,350.0,5.5,,1013.3,
2024-06-11,25.2,13.6,35.0,0.0,,289.0,5.6,,1013.1,
2024-06-12,26.2,15.7,35.0,0.0,,314.0,5.9,,1014.5,
2024-06-13,26.8,16.5,36.0,0.0,,307.0,7.0,,1015.3,
2024-06-14,26.0,16.3,35.0,0.3,,295.0,14.1,,1011.9,
2024-06-15,20.0,14.8,25.0,0.0,,289.0,14.8,,1012.3,
2024-06-16,20.4,9.7,29.0,0.0,,298.0,7.9,,1012.3,
2024-06-17,22.5,11.2,31.0,0.0,,278.0,10.7,,1014.3,
2024-06-18,23.5,12.0,32.0,0.0,,304.0,9.1,,1015.4,
2024-06-19,24.4,16.5,33.0,0.3,,277.0,10.8,,1015.9,
2024-06-20,24.8,17.2,33.2,0.0,,297.0,10.4,,1014.5,
2024-06-21,24.2,14.4,33.0,0.0,,4.0,11.4,,1014.7,
2024-06-22,23.6,16.4,31.0,0.0,,272.0,11.2,,1010.6,
2024-06-23,24.6,13.2,35.0,0.0,,294.0,7.9,,1008.6,
2024-06-24,25.9,13.5,37.0,0.0,,328.0,8.7,,1008.9,
2024-06-25,24.9,18.5,32.1,0.0,,278.0,14.9,,1010.5,
2024-06-26,22.1,15.2,29.0,0.0,,286.0,13.1,,1013.9,
2024-06-27,23.5,12.9,32.5,0.0,,316.0,8.5,,1011.9,
2024-06-28,23.2,14.8,33.0,2.7,,337.0,9.9,,1008.7,
2024-06-29,22.1,17.0,28.0,0.0,,286.0,18.5,,1010.4,
2024-06-30,21.4,14.1,29.0,0.0,,289.0,11.1,,1013.1,
2024-07-01,22.0,12.0,30.0,0.0,,304.0,9.4,,1012.8,
2024-07-02,24.0,14.0,33.0,0.0,,304.0,7.4,,1009.3,
2024-07-03,25.8,15.0,34.0,0.6,,228.0,9.0,,1003.9,
2024-07-04,22.1,18.0,29.4,2.5,,263.0,15.6,,1006.7,
2024-07-05,20.7,16.0,27.0,1.1,,291.0,15.3,,1013.0,
2024-07-06,21.5,15.0,27.0,0.0,,299.0,14.1,,1015.4,
2024-07-07,24.2,17.0,32.0,0.0,,296.0,11.6,,1014.6,
2024-07-08,25.9,17.0,34.0,0.0,,305.0,11.5,,1013.4,
2024-07-09,25.4,18.0,33.0,1.1,,313.0,12.5,,1013.3,
2024-07-10,24.0,18.0,31.0,4.1,,303.0,10.4,,1013.3,
2024-07-11,23.0,18.0,31.0,0.1,,264.0,12.8,,1013.6,
2024-07-12,24.5,17.0,32.0,1.6,,297.0,7.7,,1012.8,
2024-07-13,25.0,19.0,32.0,1.5,,272.0,10.8,,1011.0,
2024-07-14,24.8,19.0,31.0,0.0,,308.0,11.5,,1011.0,
2024-07-15,23.8,16.0,32.0,0.0,,289.0,12.7,,1011.3,
2024-07-16,24.9,17.0,33.0,0.1,,299.0,11.1,,1011.7,
2024-07-17,25.4,19.0,33.0,0.6,,302.0,11.0,,1012.8,
2024-07-18,27.1,19.0,34.0,0.5,,331.0,10.5,,1014.3,
2024-07-19,26.0,16.0,34.0,0.0,,342.0,10.9,,1013.7,
2024-07-20,26.1,18.0,33.9,0.0,,337.0,10.4,,1010.1,
2024-07-21,28.0,19.0,36.6,0.0,,341.0,9.2,,1007.7,
2024-07-22,28.0,19.4,36.0,0.0,,325.0,11.8,,1007.8,
